continent,country,last_updated_day,gust_mph,visibility_km,uv_index,air_quality_Ozone
Africa,Algeria,01/09/2023,8.9,10.0,1.0,72.2
Africa,Algeria,02/09/2023,7.8,10.0,1.0,38.6
Africa,Algeria,03/09/2023,20.4,10.0,1.0,50.1
Africa,Algeria,04/09/2023,29.8,3.5,1.0,78.0
Africa,Algeria,05/09/2023,16.1,8.0,1.0,84.4
Africa,Algeria,06/09/2023,10.7,10.0,1.0,67.2
Africa,Algeria,07/09/2023,10.3,10.0,1.0,100.1
Africa,Algeria,08/09/2023,13.45,10.0,1.0,83.7
Africa,Algeria,29/08/2023,3.4,10.0,7.0,16.6
Africa,Algeria,30/08/2023,5.1,10.0,1.0,35.1
Africa,Algeria,31/08/2023,11.0,10.0,1.0,81.5
Africa,Angola,01/09/2023,9.2,10.0,1.0,42.6
Africa,Angola,02/09/2023,8.9,8.0,1.0,62.2
Africa,Angola,03/09/2023,9.8,10.0,1.0,67.2
Africa,Angola,04/09/2023,9.2,8.0,1.0,63.7
Africa,Angola,05/09/2023,13.2,8.0,1.0,62.9
Africa,Angola,06/09/2023,5.6,9.0,1.0,68.0
Africa,Angola,07/09/2023,11.2,10.0,1.0,53.6
Africa,Angola,08/09/2023,12.55,9.5,1.0,46.1
Africa,Angola,29/08/2023,3.6,10.0,6.0,147.3
Africa,Angola,30/08/2023,10.1,8.0,1.0,62.9
Africa,Angola,31/08/2023,11.2,8.0,1.0,66.5
Africa,Benin,01/09/2023,8.9,10.0,1.0,32.2
Africa,Benin,02/09/2023,11.6,10.0,1.0,29.7
Africa,Benin,03/09/2023,23.9,10.0,1.0,34.0
Africa,Benin,04/09/2023,8.1,8.0,1.0,27.5
Africa,Benin,05/09/2023,12.8,10.0,1.0,38.3
Africa,Benin,06/09/2023,11.2,10.0,1.0,35.1
Africa,Benin,07/09/2023,10.3,10.0,1.0,34.7
Africa,Benin,08/09/2023,12.95,6.6,1.0,36.5
Africa,Benin,29/08/2023,7.4,10.0,6.0,20.6
Africa,Benin,30/08/2023,11.6,10.0,1.0,29.3
Africa,Benin,31/08/2023,11.0,10.0,1.0,36.1
Africa,Botswana,01/09/2023,10.7,10.0,1.0,2.2
Africa,Botswana,02/09/2023,5.1,10.0,1.0,1.8
Africa,Botswana,03/09/2023,13.2,10.0,1.0,50.8
Africa,Botswana,04/09/2023,10.7,10.0,1.0,86.6
Africa,Botswana,05/09/2023,4.3,10.0,1.0,40.1
Africa,Botswana,06/09/2023,11.2,10.0,1.0,186.0
Africa,Botswana,07/09/2023,9.4,10.0,1.0,50.1
Africa,Botswana,08/09/2023,5.6,10.0,1.0,2.8
Africa,Botswana,09/09/2023,6.5,10.0,1.0,20.0
Africa,Botswana,29/08/2023,10.7,10.0,5.0,85.8
Africa,Botswana,30/08/2023,6.7,10.0,1.0,32.9
Africa,Botswana,31/08/2023,5.1,10.0,1.0,40.4
Africa,Burkina Faso,01/09/2023,13.6,10.0,1.0,7.3
Africa,Burkina Faso,02/09/2023,24.8,8.0,1.0,9.6
Africa,Burkina Faso,03/09/2023,12.3,10.0,1.0,4.3
Africa,Burkina Faso,04/09/2023,10.7,10.0,1.0,5.5
Africa,Burkina Faso,05/09/2023,12.8,10.0,1.0,1.9
Africa,Burkina Faso,06/09/2023,14.3,10.0,1.0,8.2
Africa,Burkina Faso,07/09/2023,17.0,10.0,1.0,0.3
Africa,Burkina Faso,08/09/2023,2.7,10.0,1.0,0.6
Africa,Burkina Faso,29/08/2023,8.7,10.0,7.0,18.2
Africa,Burkina Faso,30/08/2023,16.8,9.5,1.0,5.25
Africa,Burkina Faso,31/08/2023,12.3,10.0,1.0,5.9
Africa,Burundi,01/09/2023,4.7,10.0,1.0,19.3
Africa,Burundi,02/09/2023,2.7,10.0,1.0,28.3
Africa,Burundi,03/09/2023,4.0,10.0,1.0,20.7
Africa,Burundi,04/09/2023,1.3,10.0,1.0,19.0
Africa,Burundi,05/09/2023,1.6,10.0,1.0,17.5
Africa,Burundi,06/09/2023,4.7,10.0,1.0,18.1
Africa,Burundi,07/09/2023,6.0,9.0,1.0,19.9
Africa,Burundi,08/09/2023,6.0,9.0,1.0,12.5
Africa,Burundi,09/09/2023,8.9,9.0,1.0,11.1
Africa,Burundi,29/08/2023,5.4,10.0,7.0,64.4
Africa,Burundi,30/08/2023,2.0,10.0,1.0,15.2
Africa,Burundi,31/08/2023,1.6,10.0,1.0,17.0
Africa,Cameroon,01/09/2023,4.9,10.0,1.0,1.1
Africa,Cameroon,02/09/2023,4.5,7.0,1.0,4.4
Africa,Cameroon,03/09/2023,5.6,10.0,1.0,5.8
Africa,Cameroon,04/09/2023,4.7,3.0,1.0,6.4
Africa,Cameroon,05/09/2023,4.9,5.0,1.0,10.7
Africa,Cameroon,06/09/2023,5.6,2.0,1.0,11.1
Africa,Cameroon,07/09/2023,4.3,2.0,1.0,2.6
Africa,Cameroon,08/09/2023,5.5,5.0,1.0,7.0
Africa,Cameroon,29/08/2023,2.2,9.0,5.0,9.1
Africa,Cameroon,30/08/2023,5.1,2.0,1.0,8.1
Africa,Cameroon,31/08/2023,5.8,7.0,1.0,12.2
Africa,Central African Republic,01/09/2023,5.1,2.0,1.0,0.0
Africa,Central African Republic,02/09/2023,5.6,7.0,1.0,0.0
Africa,Central African Republic,03/09/2023,6.0,10.0,1.0,0.0
Africa,Central African Republic,04/09/2023,3.8,8.0,1.0,0.1
Africa,Central African Republic,05/09/2023,4.0,8.0,1.0,0.4
Africa,Central African Republic,06/09/2023,3.4,10.0,1.0,0.1
Africa,Central African Republic,07/09/2023,2.5,8.0,1.0,0.9
Africa,Central African Republic,08/09/2023,4.15,8.0,1.0,0.05
Africa,Central African Republic,29/08/2023,2.5,10.0,7.0,1.0
Africa,Central African Republic,30/08/2023,2.7,6.0,1.0,0.2
Africa,Central African Republic,31/08/2023,5.1,10.0,1.0,0.0
Africa,Chad,01/09/2023,6.9,8.0,1.0,12.9
Africa,Chad,02/09/2023,14.3,10.0,1.0,12.3
Africa,Chad,03/09/2023,12.5,10.0,1.0,3.1
Africa,Chad,04/09/2023,8.3,8.0,1.0,1.2
Africa,Chad,05/09/2023,15.2,8.0,1.0,24.3
Africa,Chad,06/09/2023,11.6,7.0,1.0,14.1
Africa,Chad,07/09/2023,12.8,6.0,1.0,4.9
Africa,Chad,08/09/2023,14.2,7.5,1.0,13.55
Africa,Chad,29/08/2023,12.3,7.0,7.0,20.2
Africa,Chad,30/08/2023,11.9,7.0,1.0,20.4
Africa,Chad,31/08/2023,14.5,10.0,1.0,12.3
Africa,Congo,01/09/2023,12.3,10.0,1.0,27.2
Africa,Congo,02/09/2023,13.0,8.0,1.0,50.1
Africa,Congo,03/09/2023,12.3,8.0,1.0,47.9
Africa,Congo,04/09/2023,11.2,8.0,1.0,44.0
Africa,Congo,05/09/2023,10.5,10.0,1.0,34.0
Africa,Congo,06/09/2023,2.5,8.0,1.0,18.1
Africa,Congo,07/09/2023,7.8,8.0,1.0,19.1
Africa,Congo,08/09/2023,11.65,10.0,1.0,25.9
Africa,Congo,29/08/2023,6.5,10.0,8.0,38.6
Africa,Congo,30/08/2023,8.9,8.0,1.0,18.6
Africa,Congo,31/08/2023,11.9,10.0,1.0,32.2
Africa,Democratic Republic of Congo,01/09/2023,12.1,10.0,1.0,27.2
Africa,Democratic Republic of Congo,02/09/2023,12.3,8.0,1.0,50.1
Africa,Democratic Republic of Congo,03/09/2023,11.2,8.0,1.0,47.9
Africa,Democratic Republic of Congo,04/09/2023,8.1,8.0,1.0,44.0
Africa,Democratic Republic of Congo,05/09/2023,8.9,10.0,1.0,34.0
Africa,Democratic Republic of Congo,06/09/2023,2.2,8.0,1.0,18.1
Africa,Democratic Republic of Congo,07/09/2023,7.6,8.0,1.0,19.1
Africa,Democratic Republic of Congo,08/09/2023,10.95,9.5,1.0,25.9
Africa,Democratic Republic of Congo,29/08/2023,6.5,10.0,8.0,38.6
Africa,Democratic Republic of Congo,30/08/2023,8.3,8.0,1.0,18.6
Africa,Democratic Republic of Congo,31/08/2023,11.6,10.0,1.0,32.2
Africa,Djibouti,01/09/2023,18.3,9.0,1.0,61.5
Africa,Djibouti,02/09/2023,7.2,10.0,1.0,36.1
Africa,Djibouti,03/09/2023,3.8,10.0,1.0,59.4
Africa,Djibouti,04/09/2023,4.0,10.0,1.0,38.6
Africa,Djibouti,05/09/2023,8.9,10.0,1.0,49.4
Africa,Djibouti,06/09/2023,5.4,10.0,1.0,69.4
Africa,Djibouti,07/09/2023,15.7,10.0,1.0,68.0
Africa,Djibouti,08/09/2023,15.7,10.0,1.0,66.5
Africa,Djibouti,09/09/2023,3.1,10.0,1.0,60.1
Africa,Djibouti,29/08/2023,23.3,8.0,9.0,61.5
Africa,Djibouti,30/08/2023,25.9,10.0,7.0,63.7
Africa,Djibouti,31/08/2023,15.4,10.0,1.0,35.4
Africa,Egypt,01/09/2023,14.1,10.0,1.0,58.7
Africa,Egypt,02/09/2023,14.3,10.0,1.0,54.4
Africa,Egypt,03/09/2023,13.4,6.0,1.0,58.7
Africa,Egypt,04/09/2023,11.0,10.0,1.0,85.1
Africa,Egypt,05/09/2023,12.8,6.0,1.0,58.7
Africa,Egypt,06/09/2023,5.4,10.0,1.0,84.4
Africa,Egypt,07/09/2023,23.5,10.0,1.0,93.0
Africa,Egypt,08/09/2023,9.6,10.0,1.0,95.8
Africa,Egypt,09/09/2023,10.3,10.0,1.0,47.9
Africa,Egypt,29/08/2023,9.4,10.0,1.0,44.0
Africa,Egypt,30/08/2023,9.8,6.0,1.0,19.5
Africa,Egypt,31/08/2023,13.6,10.0,1.0,39.0
Africa,Equatorial Guinea,01/09/2023,6.3,9.0,1.0,35.4
Africa,Equatorial Guinea,02/09/2023,16.3,7.0,1.0,45.1
Africa,Equatorial Guinea,03/09/2023,12.5,7.0,1.0,33.6
Africa,Equatorial Guinea,04/09/2023,7.8,10.0,1.0,55.1
Africa,Equatorial Guinea,05/09/2023,9.2,10.0,1.0,51.5
Africa,Equatorial Guinea,06/09/2023,7.6,10.0,1.0,61.5
Africa,Equatorial Guinea,07/09/2023,8.1,10.0,1.0,45.4
Africa,Equatorial Guinea,08/09/2023,10.15,8.0,1.0,45.05
Africa,Equatorial Guinea,29/08/2023,8.1,10.0,6.0,34.3
Africa,Equatorial Guinea,30/08/2023,10.1,7.0,1.0,33.6
Africa,Equatorial Guinea,31/08/2023,11.2,10.0,1.0,25.0
Africa,Eritrea,01/09/2023,6.0,10.0,1.0,23.6
Africa,Eritrea,02/09/2023,0.9,10.0,1.0,32.2
Africa,Eritrea,03/09/2023,1.8,10.0,1.0,55.8
Africa,Eritrea,04/09/2023,6.9,10.0,1.0,61.5
Africa,Eritrea,05/09/2023,1.3,10.0,1.0,44.0
Africa,Eritrea,06/09/2023,6.9,10.0,1.0,53.6
Africa,Eritrea,07/09/2023,9.8,10.0,1.0,36.5
Africa,Eritrea,08/09/2023,8.5,9.0,1.0,19.3
Africa,Eritrea,09/09/2023,1.3,10.0,1.0,32.9
Africa,Eritrea,29/08/2023,16.3,10.0,6.0,37.9
Africa,Eritrea,30/08/2023,2.5,10.0,1.0,32.2
Africa,Eritrea,31/08/2023,8.5,10.0,1.0,37.6
Africa,Ethiopia,01/09/2023,4.3,10.0,1.0,13.8
Africa,Ethiopia,02/09/2023,5.1,10.0,1.0,2.8
Africa,Ethiopia,03/09/2023,6.9,10.0,1.0,12.0
Africa,Ethiopia,04/09/2023,7.6,10.0,1.0,22.7
Africa,Ethiopia,05/09/2023,1.6,10.0,1.0,17.4
Africa,Ethiopia,06/09/2023,5.8,10.0,1.0,12.3
Africa,Ethiopia,07/09/2023,8.9,10.0,1.0,25.8
Africa,Ethiopia,08/09/2023,4.3,10.0,1.0,21.5
Africa,Ethiopia,09/09/2023,4.7,10.0,1.0,38.6
Africa,Ethiopia,29/08/2023,2.7,10.0,3.0,33.3
Africa,Ethiopia,30/08/2023,2.9,7.0,1.0,12.3
Africa,Ethiopia,31/08/2023,3.1,10.0,1.0,10.4
Africa,Gabon,01/09/2023,8.5,10.0,1.0,35.8
Africa,Gabon,02/09/2023,12.5,10.0,1.0,37.6
Africa,Gabon,03/09/2023,16.8,10.0,1.0,47.9
Africa,Gabon,04/09/2023,8.5,10.0,1.0,55.1
Africa,Gabon,05/09/2023,10.3,9.0,1.0,66.5
Africa,Gabon,06/09/2023,10.3,10.0,1.0,52.9
Africa,Gabon,07/09/2023,10.3,10.0,1.0,44.4
Africa,Gabon,08/09/2023,14.95,10.0,1.0,39.7
Africa,Gabon,29/08/2023,6.0,10.0,6.0,26.1
Africa,Gabon,30/08/2023,11.2,10.0,1.0,29.7
Africa,Gabon,31/08/2023,11.6,10.0,1.0,33.3
Africa,Gambia,01/09/2023,37.8,10.0,1.0,27.9
Africa,Gambia,02/09/2023,19.7,10.0,1.0,37.9
Africa,Gambia,03/09/2023,16.3,10.0,1.0,47.9
Africa,Gambia,04/09/2023,7.2,10.0,1.0,47.9
Africa,Gambia,05/09/2023,10.7,10.0,1.0,53.6
Africa,Gambia,06/09/2023,21.9,10.0,1.0,32.9
Africa,Gambia,07/09/2023,8.7,9.0,1.0,55.8
Africa,Gambia,08/09/2023,15.7,10.0,1.0,35.1
Africa,Gambia,29/08/2023,17.2,10.0,6.0,35.4
Africa,Gambia,30/08/2023,23.5,10.0,1.0,27.35
Africa,Gambia,31/08/2023,19.9,10.0,1.0,23.3
Africa,Ghana,01/09/2023,16.3,10.0,1.0,27.5
Africa,Ghana,02/09/2023,19.5,10.0,1.0,29.7
Africa,Ghana,03/09/2023,13.2,10.0,1.0,37.2
Africa,Ghana,04/09/2023,13.6,10.0,1.0,49.4
Africa,Ghana,05/09/2023,12.1,10.0,1.0,46.5
Africa,Ghana,06/09/2023,13.2,10.0,1.0,37.9
Africa,Ghana,07/09/2023,16.3,10.0,1.0,34.7
Africa,Ghana,08/09/2023,19.2,10.0,1.0,30.0
Africa,Ghana,29/08/2023,11.4,10.0,7.0,17.9
Africa,Ghana,30/08/2023,16.35,10.0,1.0,24.6
Africa,Ghana,31/08/2023,13.2,10.0,1.0,29.0
Africa,Guinea,01/09/2023,13.6,10.0,1.0,20.0
Africa,Guinea,02/09/2023,13.9,10.0,1.0,26.8
Africa,Guinea,03/09/2023,7.8,10.0,1.0,28.3
Africa,Guinea,04/09/2023,26.4,6.0,1.0,33.3
Africa,Guinea,05/09/2023,29.3,5.0,1.0,69.4
Africa,Guinea,06/09/2023,13.9,10.0,1.0,53.6
Africa,Guinea,07/09/2023,19.7,10.0,1.0,41.1
Africa,Guinea,08/09/2023,17.4,10.0,1.0,42.9
Africa,Guinea,29/08/2023,4.5,10.0,5.0,27.9
Africa,Guinea,30/08/2023,12.75,10.0,1.0,31.1
Africa,Guinea,31/08/2023,18.8,10.0,1.0,30.4
Africa,Guinea-Bissau,01/09/2023,17.0,8.0,1.0,7.1
Africa,Guinea-Bissau,02/09/2023,13.9,9.0,1.0,14.0
Africa,Guinea-Bissau,03/09/2023,13.0,6.0,1.0,22.0
Africa,Guinea-Bissau,04/09/2023,3.1,6.0,1.0,21.6
Africa,Guinea-Bissau,05/09/2023,22.4,8.0,1.0,29.3
Africa,Guinea-Bissau,06/09/2023,18.1,10.0,1.0,40.8
Africa,Guinea-Bissau,07/09/2023,2.2,8.0,1.0,11.8
Africa,Guinea-Bissau,08/09/2023,13.9,6.0,1.0,25.0
Africa,Guinea-Bissau,29/08/2023,13.0,9.0,6.0,15.7
Africa,Guinea-Bissau,30/08/2023,13.75,8.0,1.0,20.1
Africa,Guinea-Bissau,31/08/2023,14.1,10.0,1.0,17.7
Africa,Kenya,01/09/2023,6.7,10.0,1.0,31.5
Africa,Kenya,02/09/2023,7.6,10.0,1.0,31.8
Africa,Kenya,03/09/2023,10.1,10.0,1.0,31.8
Africa,Kenya,04/09/2023,10.3,10.0,1.0,34.7
Africa,Kenya,05/09/2023,6.9,10.0,1.0,35.1
Africa,Kenya,06/09/2023,5.1,10.0,1.0,26.1
Africa,Kenya,07/09/2023,2.5,9.0,1.0,17.0
Africa,Kenya,08/09/2023,2.0,10.0,1.0,44.7
Africa,Kenya,09/09/2023,10.5,10.0,1.0,39.0
Africa,Kenya,29/08/2023,5.8,10.0,6.0,63.7
Africa,Kenya,30/08/2023,4.5,10.0,1.0,35.1
Africa,Kenya,31/08/2023,9.4,10.0,1.0,35.8
Africa,Lesotho,01/09/2023,10.7,10.0,1.0,40.4
Africa,Lesotho,02/09/2023,8.1,10.0,1.0,27.2
Africa,Lesotho,03/09/2023,8.5,10.0,1.0,70.8
Africa,Lesotho,04/09/2023,6.9,10.0,1.0,51.5
Africa,Lesotho,05/09/2023,6.9,10.0,1.0,94.4
Africa,Lesotho,06/09/2023,11.9,10.0,1.0,25.0
Africa,Lesotho,07/09/2023,1.3,10.0,1.0,29.0
Africa,Lesotho,08/09/2023,6.0,10.0,1.0,9.7
Africa,Lesotho,09/09/2023,4.7,10.0,1.0,47.2
Africa,Lesotho,29/08/2023,3.1,10.0,5.0,94.4
Africa,Lesotho,30/08/2023,7.6,10.0,1.0,14.3
Africa,Lesotho,31/08/2023,4.3,10.0,1.0,29.3
Africa,Liberia,01/09/2023,15.2,10.0,1.0,41.5
Africa,Liberia,02/09/2023,13.0,8.0,1.0,49.4
Africa,Liberia,03/09/2023,8.3,10.0,1.0,50.8
Africa,Liberia,04/09/2023,18.3,10.0,1.0,63.7
Africa,Liberia,05/09/2023,13.4,10.0,1.0,68.0
Africa,Liberia,06/09/2023,9.8,10.0,1.0,62.2
Africa,Liberia,07/09/2023,10.1,9.0,1.0,55.1
Africa,Liberia,08/09/2023,12.3,10.0,1.0,48.6
Africa,Liberia,29/08/2023,4.0,10.0,6.0,44.0
Africa,Liberia,30/08/2023,6.15,7.5,1.0,40.45
Africa,Liberia,31/08/2023,11.6,7.0,1.0,45.8
Africa,Malawi,01/09/2023,5.4,10.0,1.0,19.5
Africa,Malawi,02/09/2023,4.7,10.0,1.0,40.4
Africa,Malawi,03/09/2023,5.6,10.0,1.0,27.5
Africa,Malawi,04/09/2023,6.7,10.0,1.0,41.5
Africa,Malawi,05/09/2023,5.1,10.0,1.0,38.6
Africa,Malawi,06/09/2023,5.6,10.0,1.0,41.5
Africa,Malawi,07/09/2023,7.2,10.0,1.0,47.9
Africa,Malawi,08/09/2023,12.5,10.0,1.0,38.3
Africa,Malawi,09/09/2023,9.8,10.0,1.0,83.0
Africa,Malawi,29/08/2023,7.2,10.0,6.0,60.8
Africa,Malawi,30/08/2023,10.5,10.0,1.0,44.7
Africa,Malawi,31/08/2023,8.9,10.0,1.0,43.3
Africa,Mali,01/09/2023,9.4,10.0,1.0,4.7
Africa,Mali,02/09/2023,12.3,10.0,1.0,0.3
Africa,Mali,03/09/2023,6.3,10.0,1.0,5.4
Africa,Mali,04/09/2023,9.6,10.0,1.0,2.2
Africa,Mali,05/09/2023,9.2,4.0,1.0,3.9
Africa,Mali,06/09/2023,11.4,10.0,1.0,0.9
Africa,Mali,07/09/2023,4.3,10.0,1.0,1.4
Africa,Mali,08/09/2023,11.9,10.0,1.0,1.6
Africa,Mali,29/08/2023,7.6,10.0,5.0,9.8
Africa,Mali,30/08/2023,7.7,10.0,1.0,2.0
Africa,Mali,31/08/2023,9.4,10.0,1.0,3.9
Africa,Mauritania,01/09/2023,26.4,10.0,1.0,47.9
Africa,Mauritania,02/09/2023,25.5,10.0,1.0,61.5
Africa,Mauritania,03/09/2023,17.4,10.0,1.0,75.1
Africa,Mauritania,04/09/2023,16.8,10.0,1.0,55.8
Africa,Mauritania,05/09/2023,3.8,10.0,1.0,22.9
Africa,Mauritania,06/09/2023,15.9,10.0,1.0,35.4
Africa,Mauritania,07/09/2023,25.1,10.0,1.0,38.6
Africa,Mauritania,08/09/2023,23.0,10.0,1.0,19.5
Africa,Mauritania,29/08/2023,17.2,10.0,7.0,38.6
Africa,Mauritania,30/08/2023,22.05,8.5,1.0,39.15
Africa,Mauritania,31/08/2023,18.6,10.0,1.0,47.2
Africa,Morocco,01/09/2023,9.6,5.0,1.0,111.6
Africa,Morocco,02/09/2023,14.1,5.0,1.0,75.1
Africa,Morocco,03/09/2023,9.8,5.0,1.0,75.1
Africa,Morocco,04/09/2023,9.2,5.0,1.0,88.7
Africa,Morocco,05/09/2023,3.8,5.0,1.0,74.4
Africa,Morocco,06/09/2023,7.8,5.0,1.0,85.8
Africa,Morocco,07/09/2023,6.3,5.0,1.0,94.4
Africa,Morocco,08/09/2023,3.8,5.0,1.0,87.25
Africa,Morocco,29/08/2023,8.5,5.0,6.0,85.8
Africa,Morocco,30/08/2023,10.5,5.0,1.0,88.0
Africa,Morocco,31/08/2023,2.5,5.0,1.0,107.3
Africa,Mozambique,01/09/2023,12.5,10.0,1.0,26.1
Africa,Mozambique,02/09/2023,13.6,10.0,1.0,62.2
Africa,Mozambique,03/09/2023,4.3,10.0,1.0,26.8
Africa,Mozambique,04/09/2023,9.4,10.0,1.0,25.0
Africa,Mozambique,05/09/2023,8.9,10.0,1.0,24.0
Africa,Mozambique,06/09/2023,24.8,10.0,1.0,32.9
Africa,Mozambique,07/09/2023,2.7,10.0,1.0,17.7
Africa,Mozambique,08/09/2023,10.1,10.0,1.0,47.9
Africa,Mozambique,09/09/2023,10.5,10.0,1.0,47.2
Africa,Mozambique,29/08/2023,6.3,10.0,5.0,67.2
Africa,Mozambique,30/08/2023,5.6,10.0,1.0,18.4
Africa,Mozambique,31/08/2023,9.2,10.0,1.0,39.0
Africa,Namibia,01/09/2023,10.3,10.0,1.0,42.2
Africa,Namibia,02/09/2023,13.2,10.0,1.0,47.2
Africa,Namibia,03/09/2023,8.9,10.0,1.0,49.4
Africa,Namibia,04/09/2023,10.7,10.0,1.0,37.9
Africa,Namibia,05/09/2023,10.7,10.0,1.0,50.1
Africa,Namibia,06/09/2023,16.3,10.0,1.0,40.8
Africa,Namibia,07/09/2023,8.5,10.0,1.0,39.7
Africa,Namibia,08/09/2023,13.2,10.0,1.0,80.8
Africa,Namibia,09/09/2023,9.8,10.0,1.0,151.6
Africa,Namibia,29/08/2023,11.2,10.0,7.0,107.3
Africa,Namibia,30/08/2023,12.3,10.0,1.0,41.8
Africa,Namibia,31/08/2023,7.2,10.0,1.0,45.1
Africa,Niger,01/09/2023,13.2,10.0,1.0,11.1
Africa,Niger,02/09/2023,20.8,10.0,1.0,18.8
Africa,Niger,03/09/2023,14.3,8.0,1.0,11.6
Africa,Niger,04/09/2023,10.5,8.0,1.0,3.0
Africa,Niger,05/09/2023,11.4,10.0,1.0,10.2
Africa,Niger,06/09/2023,13.9,10.0,1.0,16.1
Africa,Niger,07/09/2023,15.7,10.0,1.0,12.9
Africa,Niger,08/09/2023,15.85,9.5,1.0,13.75
Africa,Niger,29/08/2023,12.5,10.0,8.0,26.1
Africa,Niger,30/08/2023,18.8,10.0,1.0,23.3
Africa,Niger,31/08/2023,19.0,10.0,1.0,23.6
Africa,Nigeria,01/09/2023,1.8,10.0,1.0,5.7
Africa,Nigeria,02/09/2023,3.4,10.0,1.0,12.7
Africa,Nigeria,03/09/2023,5.8,10.0,1.0,18.2
Africa,Nigeria,04/09/2023,5.1,10.0,1.0,23.6
Africa,Nigeria,05/09/2023,3.6,10.0,1.0,2.6
Africa,Nigeria,06/09/2023,4.5,10.0,1.0,23.6
Africa,Nigeria,07/09/2023,4.7,10.0,1.0,3.4
Africa,Nigeria,08/09/2023,4.15,10.0,1.0,12.6
Africa,Nigeria,29/08/2023,3.6,10.0,6.0,25.4
Africa,Nigeria,30/08/2023,3.1,10.0,1.0,28.6
Africa,Nigeria,31/08/2023,2.5,10.0,1.0,14.5
Africa,Rwanda,01/09/2023,4.7,10.0,1.0,21.8
Africa,Rwanda,02/09/2023,5.6,10.0,1.0,10.1
Africa,Rwanda,03/09/2023,6.0,10.0,1.0,16.5
Africa,Rwanda,04/09/2023,8.1,8.0,1.0,12.0
Africa,Rwanda,05/09/2023,5.1,10.0,1.0,17.0
Africa,Rwanda,06/09/2023,6.9,10.0,1.0,13.6
Africa,Rwanda,07/09/2023,4.0,10.0,1.0,8.0
Africa,Rwanda,08/09/2023,2.2,10.0,1.0,13.6
Africa,Rwanda,09/09/2023,2.5,10.0,1.0,13.4
Africa,Rwanda,29/08/2023,7.4,10.0,7.0,54.4
Africa,Rwanda,30/08/2023,1.3,10.0,1.0,20.2
Africa,Rwanda,31/08/2023,4.3,10.0,1.0,23.6
Africa,Senegal,01/09/2023,29.1,10.0,1.0,26.1
Africa,Senegal,02/09/2023,22.1,10.0,1.0,37.6
Africa,Senegal,03/09/2023,16.8,10.0,1.0,40.4
Africa,Senegal,04/09/2023,21.0,8.0,1.0,56.5
Africa,Senegal,05/09/2023,10.1,10.0,1.0,22.7
Africa,Senegal,06/09/2023,23.3,10.0,1.0,68.0
Africa,Senegal,07/09/2023,15.2,3.0,1.0,35.8
Africa,Senegal,08/09/2023,17.2,10.0,1.0,47.9
Africa,Senegal,29/08/2023,24.4,10.0,6.0,33.6
Africa,Senegal,30/08/2023,26.2,10.0,1.0,32.7
Africa,Senegal,31/08/2023,20.6,10.0,1.0,22.4
Africa,Sierra Leone,01/09/2023,6.5,10.0,1.0,5.8
Africa,Sierra Leone,02/09/2023,11.2,10.0,1.0,24.7
Africa,Sierra Leone,03/09/2023,14.1,10.0,1.0,19.7
Africa,Sierra Leone,04/09/2023,29.3,6.0,1.0,36.1
Africa,Sierra Leone,05/09/2023,12.1,10.0,1.0,40.4
Africa,Sierra Leone,06/09/2023,9.8,10.0,1.0,26.8
Africa,Sierra Leone,07/09/2023,12.3,10.0,1.0,32.2
Africa,Sierra Leone,08/09/2023,12.8,9.0,1.0,38.3
Africa,Sierra Leone,29/08/2023,4.3,10.0,6.0,19.0
Africa,Sierra Leone,30/08/2023,7.95,7.5,1.0,21.55
Africa,Sierra Leone,31/08/2023,11.4,9.0,1.0,31.8
Africa,Somalia,01/09/2023,24.8,10.0,1.0,32.2
Africa,Somalia,02/09/2023,27.7,10.0,1.0,45.4
Africa,Somalia,03/09/2023,23.7,10.0,1.0,49.4
Africa,Somalia,04/09/2023,27.3,10.0,1.0,52.9
Africa,Somalia,05/09/2023,25.9,10.0,1.0,57.9
Africa,Somalia,06/09/2023,28.6,10.0,1.0,54.4
Africa,Somalia,07/09/2023,20.6,10.0,1.0,69.4
Africa,Somalia,08/09/2023,22.8,10.0,1.0,51.5
Africa,Somalia,09/09/2023,21.3,10.0,1.0,50.8
Africa,Somalia,29/08/2023,24.2,10.0,7.0,30.4
Africa,Somalia,30/08/2023,24.6,10.0,5.0,34.7
Africa,Somalia,31/08/2023,19.0,10.0,1.0,38.3
Africa,South Africa,01/09/2023,6.0,10.0,1.0,27.5
Africa,South Africa,02/09/2023,3.8,10.0,1.0,28.6
Africa,South Africa,03/09/2023,11.2,10.0,1.0,43.3
Africa,South Africa,04/09/2023,9.8,10.0,1.0,89.4
Africa,South Africa,05/09/2023,7.6,10.0,1.0,83.0
Africa,South Africa,06/09/2023,20.6,10.0,1.0,72.2
Africa,South Africa,07/09/2023,3.8,10.0,1.0,70.8
Africa,South Africa,08/09/2023,8.5,10.0,1.0,0.0
Africa,South Africa,09/09/2023,5.6,10.0,1.0,37.6
Africa,South Africa,29/08/2023,4.7,10.0,5.0,128.8
Africa,South Africa,30/08/2023,6.7,10.0,1.0,46.5
Africa,South Africa,31/08/2023,7.6,10.0,1.0,15.9
Africa,Sudan,01/09/2023,10.85,10.0,1.0,21.65
Africa,Sudan,02/09/2023,8.6,10.0,1.0,5.1
Africa,Sudan,03/09/2023,13.8,9.5,1.0,21.3
Africa,Sudan,04/09/2023,15.4,10.0,1.0,34.5
Africa,Sudan,05/09/2023,18.1,10.0,1.0,27.55
Africa,Sudan,06/09/2023,17.9,10.0,1.0,38.45
Africa,Sudan,07/09/2023,11.75,10.0,1.0,17.35
Africa,Sudan,08/09/2023,17.9,10.0,1.0,24.7
Africa,Sudan,09/09/2023,22.45,10.0,1.0,24.95
Africa,Sudan,29/08/2023,16.1,10.0,8.0,32.8
Africa,Sudan,30/08/2023,24.6,9.5,1.0,24.05
Africa,Sudan,31/08/2023,16.25,10.0,1.0,26.35
Africa,Swaziland,01/09/2023,12.8,10.0,1.0,53.6
Africa,Swaziland,02/09/2023,5.1,10.0,1.0,34.3
Africa,Swaziland,03/09/2023,3.4,10.0,1.0,50.8
Africa,Swaziland,04/09/2023,8.9,10.0,1.0,67.2
Africa,Swaziland,05/09/2023,5.1,10.0,1.0,58.7
Africa,Swaziland,06/09/2023,8.5,10.0,1.0,64.4
Africa,Swaziland,07/09/2023,4.0,2.0,1.0,17.7
Africa,Swaziland,08/09/2023,8.1,10.0,1.0,22.9
Africa,Swaziland,09/09/2023,8.9,10.0,1.0,55.1
Africa,Swaziland,29/08/2023,6.9,10.0,5.0,46.5
Africa,Swaziland,30/08/2023,7.6,10.0,1.0,27.5
Africa,Swaziland,31/08/2023,6.5,10.0,1.0,49.4
Africa,Tanzania,01/09/2023,15.0,10.0,1.0,32.5
Africa,Tanzania,02/09/2023,16.8,10.0,1.0,36.5
Africa,Tanzania,03/09/2023,16.1,10.0,1.0,40.4
Africa,Tanzania,04/09/2023,15.2,10.0,1.0,35.4
Africa,Tanzania,05/09/2023,12.5,10.0,1.0,42.9
Africa,Tanzania,06/09/2023,15.2,10.0,1.0,40.1
Africa,Tanzania,07/09/2023,12.8,10.0,1.0,41.5
Africa,Tanzania,08/09/2023,11.2,10.0,1.0,44.0
Africa,Tanzania,09/09/2023,12.8,10.0,1.0,51.5
Africa,Tanzania,29/08/2023,10.3,10.0,6.0,37.6
Africa,Tanzania,30/08/2023,10.1,10.0,1.0,40.1
Africa,Tanzania,31/08/2023,13.4,10.0,1.0,32.5
Africa,Tunisia,01/09/2023,3.8,10.0,1.0,36.5
Africa,Tunisia,02/09/2023,8.9,10.0,1.0,70.8
Africa,Tunisia,03/09/2023,13.0,10.0,1.0,66.5
Africa,Tunisia,04/09/2023,7.8,10.0,1.0,57.9
Africa,Tunisia,05/09/2023,11.9,10.0,1.0,62.9
Africa,Tunisia,06/09/2023,13.0,10.0,1.0,101.6
Africa,Tunisia,07/09/2023,12.3,10.0,1.0,83.0
Africa,Tunisia,08/09/2023,14.5,10.0,1.0,72.2
Africa,Tunisia,09/09/2023,9.6,10.0,1.0,71.5
Africa,Tunisia,29/08/2023,14.3,10.0,7.0,85.8
Africa,Tunisia,30/08/2023,4.9,10.0,1.0,30.0
Africa,Tunisia,31/08/2023,1.6,10.0,1.0,68.0
Africa,Uganda,01/09/2023,6.9,10.0,1.0,7.5
Africa,Uganda,02/09/2023,2.9,10.0,1.0,9.7
Africa,Uganda,03/09/2023,2.9,10.0,1.0,8.6
Africa,Uganda,04/09/2023,2.5,10.0,1.0,6.3
Africa,Uganda,05/09/2023,1.6,10.0,1.0,11.0
Africa,Uganda,06/09/2023,7.4,10.0,1.0,2.5
Africa,Uganda,07/09/2023,4.5,10.0,1.0,8.6
Africa,Uganda,08/09/2023,3.1,10.0,1.0,0.8
Africa,Uganda,09/09/2023,0.0,10.0,1.0,0.9
Africa,Uganda,29/08/2023,11.6,10.0,6.0,45.8
Africa,Uganda,30/08/2023,5.4,10.0,1.0,4.0
Africa,Uganda,31/08/2023,7.6,10.0,1.0,4.7
Africa,Zambia,01/09/2023,11.6,10.0,1.0,42.6
Africa,Zambia,02/09/2023,11.2,10.0,1.0,42.9
Africa,Zambia,03/09/2023,12.3,10.0,1.0,51.5
Africa,Zambia,04/09/2023,13.2,10.0,1.0,44.0
Africa,Zambia,05/09/2023,9.8,10.0,1.0,49.4
Africa,Zambia,06/09/2023,11.6,10.0,1.0,50.1
Africa,Zambia,07/09/2023,11.2,10.0,1.0,62.2
Africa,Zambia,08/09/2023,16.1,10.0,1.0,50.8
Africa,Zambia,09/09/2023,13.4,10.0,1.0,107.3
Africa,Zambia,29/08/2023,13.6,10.0,5.0,75.8
Africa,Zambia,30/08/2023,16.1,10.0,1.0,43.6
Africa,Zambia,31/08/2023,12.3,10.0,1.0,44.7
Africa,Zimbabwe,01/09/2023,6.5,10.0,1.0,17.9
Africa,Zimbabwe,02/09/2023,8.9,10.0,1.0,37.9
Africa,Zimbabwe,03/09/2023,17.2,10.0,1.0,31.8
Africa,Zimbabwe,04/09/2023,16.8,10.0,1.0,30.4
Africa,Zimbabwe,05/09/2023,15.0,10.0,1.0,44.4
Africa,Zimbabwe,06/09/2023,8.9,10.0,1.0,33.6
Africa,Zimbabwe,07/09/2023,10.1,10.0,1.0,64.4
Africa,Zimbabwe,08/09/2023,13.2,10.0,1.0,51.5
Africa,Zimbabwe,09/09/2023,13.4,10.0,1.0,125.9
Africa,Zimbabwe,29/08/2023,12.1,10.0,5.0,75.8
Africa,Zimbabwe,30/08/2023,13.6,10.0,1.0,36.8
Africa,Zimbabwe,31/08/2023,11.4,10.0,1.0,29.7
America,Antigua and Barbuda,01/09/2023,16.8,10.0,1.0,43.6
America,Antigua and Barbuda,02/09/2023,18.6,10.0,1.0,18.4
America,Antigua and Barbuda,03/09/2023,19.2,10.0,1.0,32.2
America,Antigua and Barbuda,04/09/2023,19.0,10.0,1.0,29.3
America,Antigua and Barbuda,05/09/2023,19.7,10.0,1.0,50.8
America,Antigua and Barbuda,06/09/2023,16.8,10.0,1.0,34.0
America,Antigua and Barbuda,07/09/2023,18.8,10.0,1.0,35.8
America,Antigua and Barbuda,08/09/2023,18.3,10.0,6.0,67.2
America,Antigua and Barbuda,29/08/2023,23.05,10.0,1.0,20.1
America,Antigua and Barbuda,30/08/2023,20.8,10.0,1.0,25.4
America,Antigua and Barbuda,31/08/2023,19.2,10.0,1.0,29.3
America,Argentina,01/09/2023,11.6,10.0,1.0,0.0
America,Argentina,02/09/2023,14.8,10.0,1.0,41.8
America,Argentina,03/09/2023,13.4,10.0,1.0,31.1
America,Argentina,04/09/2023,6.0,10.0,1.0,20.7
America,Argentina,05/09/2023,14.3,10.0,1.0,44.0
America,Argentina,06/09/2023,19.9,10.0,1.0,42.2
America,Argentina,07/09/2023,13.4,10.0,1.0,24.0
America,Argentina,08/09/2023,8.9,10.0,1.0,17.4
America,Argentina,29/08/2023,9.85,10.0,1.0,20.15
America,Argentina,30/08/2023,4.3,10.0,1.0,42.6
America,Argentina,31/08/2023,11.9,10.0,1.0,34.7
America,Bahamas,01/09/2023,15.9,10.0,7.0,86.6
America,Bahamas,02/09/2023,24.2,10.0,7.0,94.4
America,Bahamas,03/09/2023,22.8,10.0,7.0,103.0
America,Bahamas,04/09/2023,17.2,10.0,7.0,114.4
America,Bahamas,05/09/2023,16.6,10.0,7.0,100.1
America,Bahamas,06/09/2023,15.7,10.0,7.0,108.7
America,Bahamas,07/09/2023,14.1,10.0,7.0,83.7
America,Bahamas,08/09/2023,15.0,10.0,7.0,69.4
America,Bahamas,29/08/2023,17.0,10.0,1.0,42.55
America,Bahamas,30/08/2023,23.0,10.0,8.0,42.2
America,Bahamas,31/08/2023,4.0,10.0,8.0,41.8
America,Barbados,01/09/2023,27.3,10.0,1.0,14.0
America,Barbados,02/09/2023,20.8,10.0,1.0,18.2
America,Barbados,03/09/2023,20.8,10.0,1.0,20.6
America,Barbados,04/09/2023,20.4,10.0,1.0,31.8
America,Barbados,05/09/2023,18.6,10.0,1.0,27.2
America,Barbados,06/09/2023,11.9,10.0,1.0,15.9
America,Barbados,07/09/2023,11.2,10.0,1.0,12.7
America,Barbados,08/09/2023,10.1,10.0,6.0,16.5
America,Barbados,29/08/2023,23.7,10.0,1.0,16.0
America,Barbados,30/08/2023,20.8,10.0,1.0,21.5
America,Barbados,31/08/2023,17.9,10.0,1.0,40.1
America,Belize,01/09/2023,10.3,10.0,8.0,32.5
America,Belize,02/09/2023,7.8,10.0,6.0,15.7
America,Belize,03/09/2023,10.1,10.0,7.0,25.0
America,Belize,04/09/2023,9.6,10.0,8.0,3.9
America,Belize,05/09/2023,11.4,10.0,8.0,49.4
America,Belize,06/09/2023,9.2,10.0,7.0,38.6
America,Belize,07/09/2023,11.2,10.0,8.0,7.1
America,Belize,08/09/2023,9.4,10.0,7.0,14.0
America,Belize,29/08/2023,6.6,9.5,1.0,7.15
America,Belize,30/08/2023,6.5,10.0,6.0,11.4
America,Belize,31/08/2023,12.5,10.0,6.0,13.4
America,Bolivia,01/09/2023,9.95,9.5,1.0,30.7
America,Bolivia,02/09/2023,9.8,10.0,1.0,36.75
America,Bolivia,03/09/2023,9.2,10.0,1.0,30.15
America,Bolivia,04/09/2023,6.75,10.0,1.0,22.4
America,Bolivia,05/09/2023,7.4,10.0,1.0,3.8
America,Bolivia,06/09/2023,6.85,9.5,1.0,16.9
America,Bolivia,07/09/2023,8.15,10.0,1.0,24.5
America,Bolivia,08/09/2023,11.85,10.0,3.5,37.9
America,Bolivia,29/08/2023,4.52,10.0,1.0,32.02
America,Bolivia,30/08/2023,6.15,10.0,1.0,17.25
America,Bolivia,31/08/2023,4.35,9.0,1.0,6.2
America,Brazil,01/09/2023,2.9,10.0,1.0,38.6
America,Brazil,02/09/2023,7.6,10.0,1.0,45.4
America,Brazil,03/09/2023,8.1,10.0,1.0,39.3
America,Brazil,04/09/2023,8.1,10.0,1.0,36.5
America,Brazil,05/09/2023,7.8,10.0,1.0,40.8
America,Brazil,06/09/2023,7.6,10.0,1.0,57.2
America,Brazil,07/09/2023,10.3,10.0,1.0,37.6
America,Brazil,08/09/2023,4.7,10.0,1.0,40.8
America,Brazil,29/08/2023,6.7,10.0,1.0,22.65
America,Brazil,30/08/2023,6.0,10.0,1.0,40.8
America,Brazil,31/08/2023,5.1,10.0,1.0,33.6
America,Canada,01/09/2023,13.6,24.0,7.0,44.4
America,Canada,02/09/2023,23.0,24.0,6.0,103.0
America,Canada,03/09/2023,17.0,24.0,7.0,27.5
America,Canada,04/09/2023,1.8,24.0,7.0,37.2
America,Canada,05/09/2023,6.0,24.0,8.0,41.5
America,Canada,06/09/2023,13.0,24.0,6.0,64.4
America,Canada,07/09/2023,9.2,24.0,7.0,50.1
America,Canada,08/09/2023,12.8,24.0,4.0,68.7
America,Canada,29/08/2023,5.75,24.0,1.0,39.6
America,Canada,30/08/2023,15.7,24.0,5.0,31.5
America,Canada,31/08/2023,8.1,24.0,6.0,37.6
America,Chile,01/09/2023,1.8,10.0,1.0,1.5
America,Chile,02/09/2023,3.1,10.0,1.0,65.1
America,Chile,03/09/2023,4.0,10.0,1.0,0.0
America,Chile,04/09/2023,2.2,10.0,1.0,0.0
America,Chile,05/09/2023,2.5,5.0,1.0,0.1
America,Chile,06/09/2023,3.4,6.0,1.0,3.9
America,Chile,07/09/2023,3.6,10.0,1.0,0.0
America,Chile,08/09/2023,2.9,10.0,3.0,14.1
America,Chile,29/08/2023,6.15,10.0,1.0,0.0
America,Chile,30/08/2023,4.3,10.0,1.0,3.4
America,Chile,31/08/2023,9.8,10.0,1.0,2.2
America,Costa Rica,01/09/2023,3.8,10.0,5.0,30.4
America,Costa Rica,02/09/2023,3.6,10.0,5.0,12.9
America,Costa Rica,03/09/2023,2.9,10.0,5.0,12.5
America,Costa Rica,04/09/2023,2.9,10.0,4.0,10.6
America,Costa Rica,05/09/2023,5.6,10.0,4.0,40.4
America,Costa Rica,06/09/2023,4.7,10.0,5.0,12.7
America,Costa Rica,07/09/2023,4.3,10.0,5.0,9.8
America,Costa Rica,08/09/2023,4.3,10.0,5.0,19.5
America,Costa Rica,29/08/2023,5.7,5.25,1.0,9.65
America,Costa Rica,30/08/2023,1.8,10.0,5.0,65.1
America,Costa Rica,31/08/2023,3.4,10.0,5.0,31.1
America,Cuba,01/09/2023,21.3,9.0,7.0,35.1
America,Cuba,02/09/2023,19.0,9.0,7.0,67.2
America,Cuba,03/09/2023,21.0,9.0,7.0,90.1
America,Cuba,04/09/2023,22.4,9.0,6.0,72.2
America,Cuba,05/09/2023,18.3,9.0,7.0,43.3
America,Cuba,06/09/2023,15.4,8.0,7.0,98.7
America,Cuba,07/09/2023,16.8,9.0,7.0,89.4
America,Cuba,08/09/2023,16.3,9.0,7.0,86.6
America,Cuba,29/08/2023,31.0,8.5,1.0,22.45
America,Cuba,30/08/2023,15.7,9.0,7.0,28.6
America,Cuba,31/08/2023,4.9,9.0,7.0,29.0
America,Dominica,01/09/2023,15.2,10.0,1.0,26.5
America,Dominica,02/09/2023,15.2,10.0,1.0,17.9
America,Dominica,03/09/2023,17.2,10.0,1.0,22.2
America,Dominica,04/09/2023,16.1,10.0,1.0,37.9
America,Dominica,05/09/2023,14.1,10.0,1.0,36.5
America,Dominica,06/09/2023,13.6,10.0,1.0,14.3
America,Dominica,07/09/2023,8.9,10.0,1.0,24.0
America,Dominica,08/09/2023,3.1,10.0,7.0,39.0
America,Dominica,29/08/2023,16.1,10.0,1.0,17.7
America,Dominica,30/08/2023,17.7,10.0,1.0,21.6
America,Dominica,31/08/2023,15.4,10.0,1.0,27.2
America,Dominican Republic,01/09/2023,7.8,10.0,1.0,37.6
America,Dominican Republic,02/09/2023,4.9,10.0,1.0,6.3
America,Dominican Republic,03/09/2023,9.4,10.0,1.0,23.3
America,Dominican Republic,04/09/2023,9.2,10.0,1.0,4.4
America,Dominican Republic,05/09/2023,10.3,10.0,1.0,0.4
America,Dominican Republic,06/09/2023,7.2,10.0,1.0,21.5
America,Dominican Republic,07/09/2023,8.5,10.0,1.0,31.8
America,Dominican Republic,08/09/2023,6.7,10.0,8.0,55.8
America,Dominican Republic,29/08/2023,4.85,10.0,1.0,0.0
America,Dominican Republic,30/08/2023,8.3,10.0,1.0,0.2
America,Dominican Republic,31/08/2023,8.1,10.0,1.0,2.2
America,Ecuador,01/09/2023,4.7,10.0,3.0,2.8
America,Ecuador,02/09/2023,12.3,7.0,3.0,9.2
America,Ecuador,03/09/2023,7.6,10.0,3.0,0.2
America,Ecuador,04/09/2023,4.3,9.0,3.0,70.1
America,Ecuador,05/09/2023,7.2,10.0,5.0,11.1
America,Ecuador,06/09/2023,6.7,10.0,4.0,20.9
America,Ecuador,07/09/2023,6.9,10.0,3.0,69.4
America,Ecuador,08/09/2023,6.3,10.0,4.0,50.8
America,Ecuador,29/08/2023,7.2,10.0,1.0,0.0
America,Ecuador,30/08/2023,6.5,10.0,4.0,40.8
America,Ecuador,31/08/2023,2.9,9.0,3.0,1.3
America,El Salvador,01/09/2023,5.6,10.0,6.0,73.0
America,El Salvador,02/09/2023,4.0,10.0,6.0,42.9
America,El Salvador,03/09/2023,9.4,10.0,5.0,47.9
America,El Salvador,04/09/2023,5.6,10.0,6.0,84.4
America,El Salvador,05/09/2023,5.1,10.0,6.0,44.4
America,El Salvador,06/09/2023,1.1,10.0,6.0,78.7
America,El Salvador,07/09/2023,6.5,10.0,6.0,60.1
America,El Salvador,08/09/2023,0.9,10.0,7.0,103.0
America,El Salvador,29/08/2023,2.35,10.0,1.0,16.45
America,El Salvador,30/08/2023,3.8,10.0,6.0,15.4
America,El Salvador,31/08/2023,6.5,10.0,6.0,73.0
America,Grenada,01/09/2023,15.7,10.0,1.0,20.6
America,Grenada,02/09/2023,23.7,10.0,1.0,22.7
America,Grenada,03/09/2023,23.0,10.0,1.0,27.9
America,Grenada,04/09/2023,20.4,10.0,1.0,25.4
America,Grenada,05/09/2023,19.5,10.0,1.0,23.3
America,Grenada,06/09/2023,15.0,10.0,1.0,26.1
America,Grenada,07/09/2023,14.5,10.0,1.0,23.3
America,Grenada,08/09/2023,10.1,10.0,7.0,40.8
America,Grenada,29/08/2023,17.0,10.0,1.0,22.65
America,Grenada,30/08/2023,19.5,10.0,1.0,19.7
America,Grenada,31/08/2023,17.4,10.0,1.0,22.0
America,Guatemala,01/09/2023,5.1,10.0,5.0,39.0
America,Guatemala,02/09/2023,3.8,10.0,5.0,30.8
America,Guatemala,03/09/2023,2.5,10.0,5.0,31.8
America,Guatemala,04/09/2023,2.5,10.0,5.0,36.1
America,Guatemala,05/09/2023,5.8,10.0,4.0,56.5
America,Guatemala,06/09/2023,2.5,2.0,5.0,66.5
America,Guatemala,07/09/2023,2.2,10.0,5.0,49.4
America,Guatemala,08/09/2023,3.6,10.0,6.0,34.3
America,Guatemala,29/08/2023,1.8,6.0,1.0,8.5
America,Guatemala,30/08/2023,7.6,10.0,5.0,40.1
America,Guatemala,31/08/2023,5.6,10.0,5.0,55.1
America,Guyana,01/09/2023,12.8,10.0,1.0,16.3
America,Guyana,02/09/2023,12.8,10.0,1.0,33.3
America,Guyana,03/09/2023,16.8,10.0,1.0,44.4
America,Guyana,04/09/2023,14.3,10.0,1.0,55.8
America,Guyana,05/09/2023,14.3,10.0,1.0,40.1
America,Guyana,06/09/2023,14.1,10.0,1.0,41.8
America,Guyana,07/09/2023,12.3,10.0,1.0,32.5
America,Guyana,08/09/2023,15.2,10.0,1.0,79.4
America,Guyana,29/08/2023,12.9,7.5,1.0,12.1
America,Guyana,30/08/2023,11.6,10.0,1.0,11.6
America,Guyana,31/08/2023,11.2,10.0,1.0,13.1
America,Haiti,01/09/2023,5.6,9.0,6.0,68.7
America,Haiti,02/09/2023,2.0,9.0,6.0,220.3
America,Haiti,03/09/2023,2.9,9.0,7.0,134.5
America,Haiti,04/09/2023,4.9,8.0,7.0,18.1
America,Haiti,05/09/2023,0.4,7.0,1.0,70.1
America,Haiti,06/09/2023,4.5,9.0,1.0,128.8
America,Haiti,07/09/2023,3.8,9.0,1.0,200.3
America,Haiti,08/09/2023,9.8,9.0,7.0,155.9
America,Haiti,29/08/2023,8.95,9.0,1.0,28.8
America,Haiti,30/08/2023,2.9,10.0,6.0,26.5
America,Haiti,31/08/2023,3.4,10.0,6.0,55.1
America,Honduras,01/09/2023,9.6,10.0,4.0,24.7
America,Honduras,02/09/2023,5.4,10.0,7.0,24.0
America,Honduras,03/09/2023,8.3,10.0,5.0,28.3
America,Honduras,04/09/2023,2.9,10.0,5.0,51.5
America,Honduras,05/09/2023,4.5,10.0,5.0,30.0
America,Honduras,06/09/2023,6.5,10.0,6.0,47.9
America,Honduras,07/09/2023,6.0,10.0,7.0,38.6
America,Honduras,08/09/2023,7.8,10.0,7.0,31.8
America,Honduras,29/08/2023,5.7,10.0,1.0,8.3
America,Honduras,30/08/2023,6.3,10.0,5.0,62.9
America,Honduras,31/08/2023,4.5,10.0,7.0,22.5
America,Jamaica,01/09/2023,1.8,10.0,6.0,5.8
America,Jamaica,02/09/2023,4.7,10.0,7.0,73.0
America,Jamaica,03/09/2023,6.5,10.0,6.0,52.2
America,Jamaica,04/09/2023,5.8,10.0,7.0,27.5
America,Jamaica,05/09/2023,4.0,10.0,6.0,20.0
America,Jamaica,06/09/2023,3.4,10.0,7.0,5.5
America,Jamaica,07/09/2023,3.6,10.0,6.0,24.7
America,Jamaica,08/09/2023,4.9,10.0,7.0,32.5
America,Jamaica,29/08/2023,6.05,10.0,1.0,14.5
America,Jamaica,30/08/2023,6.9,10.0,7.0,28.6
America,Jamaica,31/08/2023,5.6,10.0,7.0,23.6
America,Mexico,01/09/2023,9.6,9.7,6.0,266.1
America,Mexico,02/09/2023,5.4,13.0,7.0,101.6
America,Mexico,03/09/2023,4.0,6.4,6.0,131.6
America,Mexico,04/09/2023,5.8,13.0,7.0,113.0
America,Mexico,05/09/2023,5.8,14.0,7.0,124.5
America,Mexico,06/09/2023,4.7,9.7,6.0,118.7
America,Mexico,07/09/2023,6.5,13.0,6.0,197.4
America,Mexico,08/09/2023,9.8,16.0,6.0,128.8
America,Mexico,29/08/2023,6.5,16.0,1.0,20.25
America,Mexico,30/08/2023,10.5,13.0,6.0,167.4
America,Mexico,31/08/2023,11.4,1.6,5.0,117.3
America,Nicaragua,01/09/2023,24.4,10.0,6.0,45.8
America,Nicaragua,02/09/2023,21.0,9.0,6.0,18.2
America,Nicaragua,03/09/2023,19.0,10.0,7.0,58.7
America,Nicaragua,04/09/2023,15.4,10.0,6.0,30.0
America,Nicaragua,05/09/2023,19.5,10.0,7.0,26.8
America,Nicaragua,06/09/2023,19.2,10.0,6.0,32.2
America,Nicaragua,07/09/2023,20.6,10.0,7.0,57.2
America,Nicaragua,08/09/2023,15.7,10.0,8.0,85.1
America,Nicaragua,29/08/2023,3.0,10.0,1.0,10.8
America,Nicaragua,30/08/2023,8.1,10.0,7.0,62.9
America,Nicaragua,31/08/2023,19.5,10.0,7.0,55.8
America,Panama,01/09/2023,6.9,10.0,6.0,13.2
America,Panama,02/09/2023,13.9,10.0,6.0,18.1
America,Panama,03/09/2023,9.4,10.0,6.0,0.1
America,Panama,04/09/2023,4.7,10.0,6.0,1.4
America,Panama,05/09/2023,5.8,10.0,6.0,13.6
America,Panama,06/09/2023,12.5,9.0,6.0,29.7
America,Panama,07/09/2023,4.3,10.0,6.0,13.6
America,Panama,08/09/2023,8.1,10.0,6.0,14.5
America,Panama,29/08/2023,4.9,9.5,1.0,2.55
America,Panama,30/08/2023,14.5,10.0,6.0,50.8
America,Panama,31/08/2023,8.3,10.0,6.0,1.7
America,Paraguay,01/09/2023,12.3,10.0,1.0,37.9
America,Paraguay,02/09/2023,17.7,10.0,1.0,20.0
America,Paraguay,03/09/2023,20.8,10.0,1.0,14.8
America,Paraguay,04/09/2023,12.1,10.0,1.0,27.9
America,Paraguay,05/09/2023,11.9,10.0,1.0,30.4
America,Paraguay,06/09/2023,17.7,10.0,1.0,12.0
America,Paraguay,07/09/2023,13.2,9.0,1.0,20.0
America,Paraguay,08/09/2023,5.6,10.0,1.0,8.1
America,Paraguay,29/08/2023,6.95,10.0,1.0,19.15
America,Paraguay,30/08/2023,5.1,10.0,1.0,35.4
America,Paraguay,31/08/2023,11.6,10.0,1.0,23.3
America,Peru,01/09/2023,11.2,10.0,5.0,47.2
America,Peru,02/09/2023,11.6,10.0,5.0,50.8
America,Peru,03/09/2023,12.3,10.0,5.0,55.8
America,Peru,04/09/2023,13.9,10.0,5.0,52.2
America,Peru,05/09/2023,11.2,10.0,4.0,47.2
America,Peru,06/09/2023,9.8,10.0,5.0,40.8
America,Peru,07/09/2023,8.3,10.0,5.0,46.5
America,Peru,08/09/2023,7.4,10.0,5.0,70.8
America,Peru,29/08/2023,12.95,10.0,1.0,38.6
America,Peru,30/08/2023,12.8,10.0,5.0,49.4
America,Peru,31/08/2023,10.5,10.0,4.0,39.3
America,Saint Kitts and Nevis,01/09/2023,18.8,10.0,1.0,41.8
America,Saint Kitts and Nevis,02/09/2023,18.3,10.0,1.0,28.6
America,Saint Kitts and Nevis,03/09/2023,17.9,10.0,1.0,56.5
America,Saint Kitts and Nevis,04/09/2023,19.7,10.0,1.0,53.6
America,Saint Kitts and Nevis,05/09/2023,21.5,10.0,1.0,52.2
America,Saint Kitts and Nevis,06/09/2023,18.8,10.0,1.0,41.5
America,Saint Kitts and Nevis,07/09/2023,21.5,10.0,1.0,35.8
America,Saint Kitts and Nevis,08/09/2023,23.0,10.0,1.0,61.5
America,Saint Kitts and Nevis,29/08/2023,25.05,10.0,1.0,15.45
America,Saint Kitts and Nevis,30/08/2023,22.8,10.0,1.0,25.8
America,Saint Kitts and Nevis,31/08/2023,20.8,10.0,1.0,28.3
America,Saint Lucia,01/09/2023,15.0,10.0,1.0,20.6
America,Saint Lucia,02/09/2023,16.6,10.0,1.0,20.6
America,Saint Lucia,03/09/2023,19.9,10.0,1.0,25.0
America,Saint Lucia,04/09/2023,18.6,10.0,1.0,44.4
America,Saint Lucia,05/09/2023,15.7,10.0,1.0,38.6
America,Saint Lucia,06/09/2023,14.1,10.0,1.0,20.9
America,Saint Lucia,07/09/2023,14.5,10.0,1.0,25.8
America,Saint Lucia,08/09/2023,2.7,10.0,1.0,97.3
America,Saint Lucia,29/08/2023,19.35,10.0,1.0,21.45
America,Saint Lucia,30/08/2023,16.8,10.0,1.0,25.8
America,Saint Lucia,31/08/2023,17.0,10.0,1.0,22.5
America,Saint Vincent and the Grenadines,01/09/2023,23.5,10.0,1.0,22.4
America,Saint Vincent and the Grenadines,02/09/2023,23.3,10.0,1.0,19.3
America,Saint Vincent and the Grenadines,03/09/2023,25.9,10.0,1.0,27.5
America,Saint Vincent and the Grenadines,04/09/2023,22.8,10.0,1.0,56.5
America,Saint Vincent and the Grenadines,05/09/2023,25.9,10.0,1.0,33.3
America,Saint Vincent and the Grenadines,06/09/2023,17.0,10.0,1.0,28.3
America,Saint Vincent and the Grenadines,07/09/2023,19.0,10.0,1.0,65.1
America,Saint Vincent and the Grenadines,08/09/2023,7.4,10.0,1.0,29.3
America,Saint Vincent and the Grenadines,29/08/2023,26.6,9.0,1.0,19.65
America,Saint Vincent and the Grenadines,30/08/2023,21.9,10.0,1.0,25.4
America,Saint Vincent and the Grenadines,31/08/2023,19.7,10.0,1.0,62.9
America,Suriname,01/09/2023,14.3,10.0,1.0,32.5
America,Suriname,02/09/2023,15.7,10.0,1.0,55.1
America,Suriname,03/09/2023,15.0,10.0,1.0,54.4
America,Suriname,04/09/2023,13.2,9.0,1.0,52.9
America,Suriname,05/09/2023,15.0,10.0,1.0,43.3
America,Suriname,06/09/2023,12.3,10.0,1.0,34.3
America,Suriname,07/09/2023,13.9,10.0,1.0,62.2
America,Suriname,08/09/2023,16.3,10.0,1.0,40.1
America,Suriname,29/08/2023,10.1,10.0,1.0,19.3
America,Suriname,30/08/2023,11.75,10.0,1.0,22.85
America,Suriname,31/08/2023,11.0,6.0,1.0,20.4
America,Trinidad and Tobago,01/09/2023,12.3,10.0,1.0,14.5
America,Trinidad and Tobago,02/09/2023,12.8,10.0,1.0,15.6
America,Trinidad and Tobago,03/09/2023,14.5,10.0,1.0,17.7
America,Trinidad and Tobago,04/09/2023,12.8,10.0,1.0,19.1
America,Trinidad and Tobago,05/09/2023,12.3,10.0,1.0,17.2
America,Trinidad and Tobago,06/09/2023,14.1,10.0,1.0,36.5
America,Trinidad and Tobago,07/09/2023,12.3,10.0,1.0,33.3
America,Trinidad and Tobago,08/09/2023,12.3,10.0,1.0,35.1
America,Trinidad and Tobago,29/08/2023,11.5,10.0,1.0,7.55
America,Trinidad and Tobago,30/08/2023,11.6,10.0,1.0,7.2
America,Trinidad and Tobago,31/08/2023,13.2,10.0,1.0,12.9
America,United States of America,01/09/2023,6.7,16.0,7.0,95.8
America,United States of America,02/09/2023,4.9,16.0,8.0,107.3
America,United States of America,03/09/2023,12.1,16.0,7.0,87.3
America,United States of America,04/09/2023,1.6,16.0,6.0,90.8
America,United States of America,05/09/2023,6.5,16.0,6.0,94.4
America,United States of America,06/09/2023,4.5,16.0,7.0,111.6
America,United States of America,07/09/2023,3.8,16.0,6.0,98.7
America,United States of America,08/09/2023,4.7,16.0,7.0,105.9
America,United States of America,29/08/2023,16.65,16.0,1.0,62.6
America,United States of America,30/08/2023,14.3,16.0,7.0,73.7
America,United States of America,31/08/2023,2.7,16.0,4.0,73.0
America,Uruguay,01/09/2023,20.6,10.0,1.0,9.7
America,Uruguay,02/09/2023,25.1,10.0,1.0,57.2
America,Uruguay,03/09/2023,23.9,5.0,1.0,50.8
America,Uruguay,04/09/2023,29.5,10.0,1.0,46.5
America,Uruguay,05/09/2023,13.2,10.0,1.0,51.5
America,Uruguay,06/09/2023,27.5,10.0,1.0,57.2
America,Uruguay,07/09/2023,12.3,3.0,1.0,6.3
America,Uruguay,08/09/2023,10.5,10.0,1.0,50.8
America,Uruguay,29/08/2023,10.1,10.0,1.0,26.5
America,Uruguay,30/08/2023,14.75,8.5,1.0,35.95
America,Uruguay,31/08/2023,12.8,10.0,1.0,25.0
America,Venezuela,01/09/2023,5.6,9.0,1.0,49.4
America,Venezuela,02/09/2023,7.6,10.0,1.0,40.1
America,Venezuela,03/09/2023,8.5,10.0,1.0,24.0
America,Venezuela,04/09/2023,7.6,10.0,1.0,36.8
America,Venezuela,05/09/2023,8.5,10.0,1.0,34.3
America,Venezuela,06/09/2023,7.6,10.0,1.0,71.5
America,Venezuela,07/09/2023,6.0,9.0,1.0,82.3
America,Venezuela,08/09/2023,7.6,10.0,1.0,58.7
America,Venezuela,29/08/2023,7.05,10.0,1.0,11.8
America,Venezuela,30/08/2023,8.5,10.0,1.0,7.3
America,Venezuela,31/08/2023,8.5,10.0,1.0,39.3
Asia,Afghanistan,01/09/2023,3.1,10.0,1.0,45.4
Asia,Afghanistan,02/09/2023,2.7,10.0,1.0,52.9
Asia,Afghanistan,03/09/2023,2.9,10.0,1.0,64.4
Asia,Afghanistan,04/09/2023,2.9,10.0,1.0,51.5
Asia,Afghanistan,05/09/2023,3.8,10.0,1.0,30.0
Asia,Afghanistan,06/09/2023,0.4,10.0,1.0,53.6
Asia,Afghanistan,07/09/2023,3.8,10.0,1.0,77.3
Asia,Afghanistan,08/09/2023,4.7,10.0,1.0,115.9
Asia,Afghanistan,09/09/2023,4.7,10.0,1.0,52.9
Asia,Afghanistan,29/08/2023,8.3,10.0,7.0,130.2
Asia,Afghanistan,30/08/2023,2.5,10.0,6.0,57.2
Asia,Afghanistan,31/08/2023,3.4,10.0,1.0,46.5
Asia,Armenia,01/09/2023,14.1,10.0,1.0,40.4
Asia,Armenia,02/09/2023,13.2,10.0,1.0,42.6
Asia,Armenia,03/09/2023,14.5,10.0,1.0,40.1
Asia,Armenia,04/09/2023,11.0,10.0,1.0,42.6
Asia,Armenia,05/09/2023,8.9,10.0,1.0,47.9
Asia,Armenia,06/09/2023,10.3,10.0,1.0,45.8
Asia,Armenia,07/09/2023,12.8,10.0,1.0,59.4
Asia,Armenia,08/09/2023,11.4,10.0,1.0,57.9
Asia,Armenia,09/09/2023,9.6,10.0,1.0,40.4
Asia,Armenia,29/08/2023,5.1,10.0,8.0,121.6
Asia,Armenia,30/08/2023,7.8,10.0,5.0,29.3
Asia,Armenia,31/08/2023,10.7,10.0,1.0,20.6
Asia,Azerbaijan,01/09/2023,7.2,10.0,1.0,41.5
Asia,Azerbaijan,02/09/2023,5.6,10.0,1.0,45.8
Asia,Azerbaijan,03/09/2023,10.1,10.0,1.0,88.7
Asia,Azerbaijan,04/09/2023,6.7,10.0,1.0,77.3
Asia,Azerbaijan,05/09/2023,4.0,10.0,1.0,18.1
Asia,Azerbaijan,06/09/2023,2.9,10.0,1.0,75.8
Asia,Azerbaijan,07/09/2023,37.1,10.0,1.0,77.3
Asia,Azerbaijan,08/09/2023,22.8,10.0,1.0,79.4
Asia,Azerbaijan,09/09/2023,13.4,10.0,1.0,75.1
Asia,Azerbaijan,29/08/2023,9.8,10.0,7.0,101.6
Asia,Azerbaijan,30/08/2023,25.5,10.0,1.0,77.3
Asia,Azerbaijan,31/08/2023,10.7,10.0,1.0,55.8
Asia,Bahrain,01/09/2023,26.8,10.0,1.0,154.5
Asia,Bahrain,02/09/2023,17.7,10.0,1.0,121.6
Asia,Bahrain,03/09/2023,8.3,10.0,1.0,93.0
Asia,Bahrain,04/09/2023,3.4,8.0,1.0,128.8
Asia,Bahrain,05/09/2023,7.4,10.0,1.0,240.3
Asia,Bahrain,06/09/2023,4.7,9.0,1.0,174.5
Asia,Bahrain,07/09/2023,9.2,4.5,1.0,91.6
Asia,Bahrain,08/09/2023,14.3,7.0,1.0,135.9
Asia,Bahrain,09/09/2023,4.3,10.0,1.0,121.6
Asia,Bahrain,29/08/2023,10.1,10.0,9.0,254.6
Asia,Bahrain,30/08/2023,7.6,10.0,1.0,100.1
Asia,Bahrain,31/08/2023,12.1,10.0,1.0,150.2
Asia,Bangladesh,01/09/2023,11.0,10.0,1.0,35.8
Asia,Bangladesh,02/09/2023,6.9,10.0,1.0,29.3
Asia,Bangladesh,03/09/2023,7.2,9.0,1.0,23.3
Asia,Bangladesh,04/09/2023,8.1,10.0,1.0,19.1
Asia,Bangladesh,05/09/2023,4.3,10.0,1.0,9.5
Asia,Bangladesh,06/09/2023,6.7,10.0,1.0,3.2
Asia,Bangladesh,07/09/2023,13.6,10.0,1.0,7.2
Asia,Bangladesh,08/09/2023,15.9,10.0,1.0,9.7
Asia,Bangladesh,09/09/2023,9.6,10.0,1.0,64.4
Asia,Bangladesh,29/08/2023,4.7,10.0,7.0,45.8
Asia,Bangladesh,30/08/2023,2.9,10.0,8.0,0.9
Asia,Bangladesh,31/08/2023,4.0,10.0,1.0,29.0
Asia,Bhutan,01/09/2023,0.4,10.0,1.0,34.0
Asia,Bhutan,02/09/2023,2.9,2.0,1.0,17.7
Asia,Bhutan,03/09/2023,8.5,9.0,1.0,10.7
Asia,Bhutan,04/09/2023,8.5,10.0,1.0,14.8
Asia,Bhutan,05/09/2023,9.8,10.0,1.0,10.6
Asia,Bhutan,06/09/2023,9.4,10.0,1.0,16.3
Asia,Bhutan,07/09/2023,8.9,10.0,1.0,16.8
Asia,Bhutan,08/09/2023,8.5,10.0,1.0,13.8
Asia,Bhutan,09/09/2023,3.1,2.0,1.0,10.0
Asia,Bhutan,29/08/2023,7.4,9.0,4.0,47.2
Asia,Bhutan,30/08/2023,3.8,10.0,5.0,38.6
Asia,Bhutan,31/08/2023,3.8,2.0,1.0,30.8
Asia,Brunei Darussalam,01/09/2023,5.1,10.0,6.0,39.0
Asia,Brunei Darussalam,02/09/2023,6.9,10.0,7.0,10.0
Asia,Brunei Darussalam,03/09/2023,6.7,9.0,5.0,3.6
Asia,Brunei Darussalam,04/09/2023,3.1,8.0,7.0,31.5
Asia,Brunei Darussalam,05/09/2023,5.8,9.0,6.0,36.8
Asia,Brunei Darussalam,06/09/2023,3.1,10.0,6.0,24.7
Asia,Brunei Darussalam,07/09/2023,5.1,7.0,5.0,5.2
Asia,Brunei Darussalam,08/09/2023,11.6,10.0,5.0,8.3
Asia,Brunei Darussalam,09/09/2023,5.4,10.0,1.0,36.1
Asia,Brunei Darussalam,29/08/2023,11.4,10.0,6.0,28.6
Asia,Brunei Darussalam,30/08/2023,4.0,10.0,8.0,39.7
Asia,Brunei Darussalam,31/08/2023,6.7,10.0,7.0,4.5
Asia,Cambodia,01/09/2023,4.0,10.0,6.0,17.0
Asia,Cambodia,02/09/2023,13.6,10.0,6.0,19.9
Asia,Cambodia,03/09/2023,9.2,9.0,7.0,12.7
Asia,Cambodia,04/09/2023,6.0,10.0,6.0,2.7
Asia,Cambodia,05/09/2023,11.4,9.0,7.0,16.3
Asia,Cambodia,06/09/2023,6.9,10.0,6.0,12.7
Asia,Cambodia,07/09/2023,2.0,9.0,6.0,23.6
Asia,Cambodia,08/09/2023,6.0,9.0,7.0,0.0
Asia,Cambodia,09/09/2023,8.7,9.0,1.0,0.5
Asia,Cambodia,29/08/2023,17.4,8.0,8.0,24.0
Asia,Cambodia,30/08/2023,16.1,10.0,8.0,31.8
Asia,Cambodia,31/08/2023,7.6,10.0,7.0,21.3
Asia,China,01/09/2023,4.9,10.0,6.0,0.0
Asia,China,02/09/2023,2.5,10.0,6.0,0.0
Asia,China,03/09/2023,5.6,8.0,5.0,0.0
Asia,China,04/09/2023,4.0,2.8,6.0,0.1
Asia,China,05/09/2023,4.0,2.8,6.0,0.0
Asia,China,06/09/2023,4.0,2.8,6.0,0.1
Asia,China,07/09/2023,1.8,2.8,6.0,0.0
Asia,China,08/09/2023,3.6,2.8,5.0,0.0
Asia,China,09/09/2023,3.8,6.0,4.0,3.8
Asia,China,29/08/2023,11.2,10.0,7.0,140.2
Asia,China,30/08/2023,0.9,10.0,7.0,31.5
Asia,China,31/08/2023,5.8,10.0,4.0,0.2
Asia,Cyprus,01/09/2023,12.3,10.0,1.0,70.8
Asia,Cyprus,02/09/2023,5.8,10.0,1.0,64.4
Asia,Cyprus,03/09/2023,7.6,10.0,1.0,57.2
Asia,Cyprus,04/09/2023,3.4,10.0,1.0,79.4
Asia,Cyprus,05/09/2023,3.1,10.0,1.0,41.5
Asia,Cyprus,06/09/2023,4.9,10.0,1.0,57.9
Asia,Cyprus,07/09/2023,11.9,10.0,1.0,67.2
Asia,Cyprus,08/09/2023,10.7,10.0,1.0,73.0
Asia,Cyprus,09/09/2023,18.3,10.0,1.0,75.8
Asia,Cyprus,29/08/2023,5.8,10.0,8.0,110.2
Asia,Cyprus,30/08/2023,2.2,10.0,1.0,52.2
Asia,Cyprus,31/08/2023,11.0,10.0,1.0,88.0
Asia,Georgia,01/09/2023,0.9,10.0,1.0,22.9
Asia,Georgia,02/09/2023,6.3,10.0,1.0,14.5
Asia,Georgia,03/09/2023,4.5,10.0,1.0,26.1
Asia,Georgia,04/09/2023,5.6,10.0,1.0,40.1
Asia,Georgia,05/09/2023,2.9,10.0,1.0,4.9
Asia,Georgia,06/09/2023,6.7,10.0,1.0,11.4
Asia,Georgia,07/09/2023,11.4,10.0,1.0,65.8
Asia,Georgia,08/09/2023,1.8,10.0,1.0,24.3
Asia,Georgia,09/09/2023,2.2,9.0,1.0,58.7
Asia,Georgia,29/08/2023,5.6,10.0,7.0,78.0
Asia,Georgia,30/08/2023,3.6,10.0,1.0,5.0
Asia,Georgia,31/08/2023,2.9,10.0,1.0,47.2
Asia,India,01/09/2023,8.1,3.2,1.0,52.2
Asia,India,02/09/2023,12.3,10.0,1.0,44.0
Asia,India,03/09/2023,11.4,3.5,1.0,65.1
Asia,India,04/09/2023,8.9,3.5,1.0,43.6
Asia,India,05/09/2023,1.8,3.2,1.0,0.0
Asia,India,06/09/2023,5.6,3.0,1.0,46.5
Asia,India,07/09/2023,2.0,3.2,1.0,0.0
Asia,India,08/09/2023,7.2,2.5,1.0,44.4
Asia,India,09/09/2023,13.0,1.6,1.0,13.6
Asia,India,29/08/2023,8.3,5.0,9.0,95.8
Asia,India,30/08/2023,8.7,3.5,8.0,43.6
Asia,India,31/08/2023,7.2,3.5,1.0,10.0
Asia,Indonesia,01/09/2023,8.0,8.33,6.0,17.53
Asia,Indonesia,02/09/2023,6.4,8.33,6.0,15.7
Asia,Indonesia,03/09/2023,5.77,9.0,5.67,23.03
Asia,Indonesia,04/09/2023,6.07,8.67,5.67,14.27
Asia,Indonesia,05/09/2023,7.17,9.33,5.33,16.33
Asia,Indonesia,06/09/2023,6.93,5.33,6.0,16.33
Asia,Indonesia,07/09/2023,6.13,5.67,6.0,15.2
Asia,Indonesia,08/09/2023,8.77,10.0,6.33,23.03
Asia,Indonesia,09/09/2023,5.35,7.25,1.0,16.45
Asia,Indonesia,29/08/2023,11.3,9.33,7.67,137.57
Asia,Indonesia,30/08/2023,3.63,8.33,7.33,40.87
Asia,Indonesia,31/08/2023,5.97,8.0,6.33,12.7
Asia,Iran,01/09/2023,3.1,10.0,1.0,0.0
Asia,Iran,02/09/2023,0.7,10.0,1.0,0.0
Asia,Iran,03/09/2023,10.3,10.0,1.0,0.0
Asia,Iran,04/09/2023,3.6,10.0,1.0,0.1
Asia,Iran,05/09/2023,3.6,10.0,1.0,0.0
Asia,Iran,06/09/2023,4.9,10.0,1.0,0.0
Asia,Iran,07/09/2023,2.7,10.0,1.0,0.0
Asia,Iran,08/09/2023,4.0,10.0,1.0,0.0
Asia,Iran,09/09/2023,1.3,10.0,1.0,0.0
Asia,Iran,29/08/2023,8.5,10.0,8.0,135.9
Asia,Iran,30/08/2023,8.5,10.0,1.0,8.1
Asia,Iran,31/08/2023,6.3,8.0,1.0,32.5
Asia,Iraq,01/09/2023,19.5,10.0,1.0,83.0
Asia,Iraq,02/09/2023,26.2,10.0,1.0,97.3
Asia,Iraq,03/09/2023,20.6,10.0,1.0,97.3
Asia,Iraq,04/09/2023,21.0,10.0,1.0,88.7
Asia,Iraq,05/09/2023,19.2,10.0,1.0,55.8
Asia,Iraq,06/09/2023,20.1,10.0,1.0,87.3
Asia,Iraq,07/09/2023,28.9,10.0,1.0,91.6
Asia,Iraq,08/09/2023,19.7,10.0,1.0,85.1
Asia,Iraq,09/09/2023,18.1,10.0,1.0,55.1
Asia,Iraq,29/08/2023,8.7,10.0,9.0,186.0
Asia,Iraq,30/08/2023,12.1,10.0,1.0,74.4
Asia,Iraq,31/08/2023,12.3,10.0,1.0,71.5
Asia,Israel,01/09/2023,11.2,10.0,1.0,7.0
Asia,Israel,02/09/2023,11.2,10.0,1.0,25.4
Asia,Israel,03/09/2023,8.7,10.0,1.0,45.8
Asia,Israel,04/09/2023,8.1,10.0,1.0,56.5
Asia,Israel,05/09/2023,9.2,10.0,1.0,24.0
Asia,Israel,06/09/2023,8.9,10.0,1.0,61.5
Asia,Israel,07/09/2023,8.1,10.0,1.0,35.1
Asia,Israel,08/09/2023,2.9,10.0,1.0,31.8
Asia,Israel,09/09/2023,22.6,10.0,1.0,62.2
Asia,Israel,29/08/2023,18.8,10.0,7.0,144.5
Asia,Israel,30/08/2023,10.1,10.0,1.0,31.5
Asia,Israel,31/08/2023,10.3,10.0,1.0,20.2
Asia,Japan,01/09/2023,11.2,10.0,7.0,13.1
Asia,Japan,02/09/2023,6.9,10.0,7.0,13.2
Asia,Japan,03/09/2023,10.1,10.0,7.0,10.6
Asia,Japan,04/09/2023,20.6,3.0,6.0,15.6
Asia,Japan,05/09/2023,7.8,10.0,7.0,2.3
Asia,Japan,06/09/2023,4.7,10.0,7.0,2.4
Asia,Japan,07/09/2023,9.4,10.0,7.0,4.2
Asia,Japan,08/09/2023,24.2,1.5,5.0,46.5
Asia,Japan,09/09/2023,7.4,10.0,5.0,29.0
Asia,Japan,29/08/2023,23.9,10.0,7.0,37.6
Asia,Japan,30/08/2023,16.1,10.0,8.0,20.4
Asia,Japan,31/08/2023,16.3,10.0,7.0,15.9
Asia,Jordan,01/09/2023,7.6,7.0,1.0,55.8
Asia,Jordan,02/09/2023,10.7,8.0,1.0,43.3
Asia,Jordan,03/09/2023,10.5,7.0,1.0,59.4
Asia,Jordan,04/09/2023,4.7,6.0,1.0,76.5
Asia,Jordan,05/09/2023,9.6,5.0,1.0,52.2
Asia,Jordan,06/09/2023,9.6,6.0,1.0,69.4
Asia,Jordan,07/09/2023,13.2,6.0,1.0,60.8
Asia,Jordan,08/09/2023,7.6,6.0,1.0,59.4
Asia,Jordan,09/09/2023,7.6,7.0,1.0,59.4
Asia,Jordan,29/08/2023,22.8,6.0,7.0,131.6
Asia,Jordan,30/08/2023,7.4,7.0,1.0,37.2
Asia,Jordan,31/08/2023,6.9,6.0,1.0,52.2
Asia,Kazakhstan,01/09/2023,20.6,10.0,1.0,50.8
Asia,Kazakhstan,02/09/2023,15.0,0.1,1.0,21.5
Asia,Kazakhstan,03/09/2023,13.2,10.0,1.0,29.0
Asia,Kazakhstan,04/09/2023,11.0,5.0,1.0,0.5
Asia,Kazakhstan,05/09/2023,13.6,10.0,1.0,21.3
Asia,Kazakhstan,06/09/2023,9.8,10.0,1.0,2.7
Asia,Kazakhstan,07/09/2023,10.3,10.0,1.0,10.8
Asia,Kazakhstan,08/09/2023,7.4,10.0,1.0,19.0
Asia,Kazakhstan,09/09/2023,14.1,10.0,1.0,16.1
Asia,Kazakhstan,29/08/2023,23.7,10.0,5.0,73.7
Asia,Kazakhstan,30/08/2023,11.4,10.0,3.0,75.1
Asia,Kazakhstan,31/08/2023,23.3,10.0,1.0,44.0
Asia,Kuwait,01/09/2023,22.6,10.0,1.0,105.9
Asia,Kuwait,02/09/2023,28.6,10.0,1.0,107.3
Asia,Kuwait,03/09/2023,14.8,10.0,1.0,108.7
Asia,Kuwait,04/09/2023,15.9,10.0,1.0,97.3
Asia,Kuwait,05/09/2023,11.2,10.0,1.0,52.9
Asia,Kuwait,06/09/2023,23.5,10.0,1.0,111.6
Asia,Kuwait,07/09/2023,31.1,10.0,1.0,115.9
Asia,Kuwait,08/09/2023,5.8,10.0,1.0,8.5
Asia,Kuwait,09/09/2023,2.9,10.0,1.0,52.9
Asia,Kuwait,29/08/2023,2.5,10.0,9.0,181.7
Asia,Kuwait,30/08/2023,13.4,10.0,8.0,95.8
Asia,Kuwait,31/08/2023,22.8,10.0,1.0,144.5
Asia,Kyrghyzstan,01/09/2023,4.7,10.0,1.0,29.0
Asia,Kyrghyzstan,02/09/2023,5.4,10.0,1.0,2.4
Asia,Kyrghyzstan,03/09/2023,6.9,10.0,1.0,13.1
Asia,Kyrghyzstan,04/09/2023,9.6,10.0,1.0,8.4
Asia,Kyrghyzstan,05/09/2023,7.2,10.0,1.0,26.5
Asia,Kyrghyzstan,06/09/2023,6.9,10.0,1.0,10.6
Asia,Kyrghyzstan,07/09/2023,4.9,10.0,1.0,8.1
Asia,Kyrghyzstan,08/09/2023,3.8,10.0,1.0,7.2
Asia,Kyrghyzstan,09/09/2023,17.4,10.0,1.0,7.2
Asia,Kyrghyzstan,29/08/2023,6.9,10.0,7.0,104.4
Asia,Kyrghyzstan,30/08/2023,1.6,10.0,6.0,20.9
Asia,Kyrghyzstan,31/08/2023,6.7,10.0,1.0,73.0
Asia,Lebanon,01/09/2023,2.2,8.0,1.0,91.6
Asia,Lebanon,02/09/2023,4.5,10.0,1.0,90.8
Asia,Lebanon,03/09/2023,9.6,8.0,1.0,93.0
Asia,Lebanon,04/09/2023,8.7,8.0,1.0,140.2
Asia,Lebanon,05/09/2023,2.0,10.0,1.0,87.3
Asia,Lebanon,06/09/2023,7.6,10.0,1.0,105.9
Asia,Lebanon,07/09/2023,7.4,10.0,1.0,95.8
Asia,Lebanon,08/09/2023,4.0,8.0,1.0,81.5
Asia,Lebanon,09/09/2023,15.0,10.0,1.0,70.8
Asia,Lebanon,29/08/2023,20.4,6.0,7.0,108.7
Asia,Lebanon,30/08/2023,14.1,8.0,1.0,95.8
Asia,Lebanon,31/08/2023,4.0,6.0,1.0,83.7
Asia,Malaysia,01/09/2023,5.8,10.0,1.0,0.0
Asia,Malaysia,02/09/2023,0.9,7.0,1.0,0.0
Asia,Malaysia,03/09/2023,2.0,9.0,1.0,0.0
Asia,Malaysia,04/09/2023,4.7,10.0,1.0,0.0
Asia,Malaysia,05/09/2023,4.3,9.0,1.0,0.0
Asia,Malaysia,06/09/2023,4.9,8.0,1.0,0.0
Asia,Malaysia,07/09/2023,2.7,10.0,1.0,0.0
Asia,Malaysia,08/09/2023,1.3,9.0,1.0,0.0
Asia,Malaysia,09/09/2023,4.0,8.0,1.0,0.0
Asia,Malaysia,29/08/2023,5.6,9.0,6.0,29.3
Asia,Malaysia,30/08/2023,1.8,10.0,7.0,4.4
Asia,Malaysia,31/08/2023,2.0,9.0,1.0,0.0
Asia,Mongolia,01/09/2023,9.2,10.0,6.0,79.4
Asia,Mongolia,02/09/2023,13.2,10.0,5.0,66.5
Asia,Mongolia,03/09/2023,11.2,10.0,6.0,85.1
Asia,Mongolia,04/09/2023,7.2,10.0,6.0,76.5
Asia,Mongolia,05/09/2023,12.1,10.0,7.0,93.0
Asia,Mongolia,06/09/2023,15.7,10.0,7.0,133.0
Asia,Mongolia,07/09/2023,12.5,10.0,3.0,52.9
Asia,Mongolia,08/09/2023,15.2,10.0,6.0,76.5
Asia,Mongolia,09/09/2023,6.7,10.0,1.0,86.6
Asia,Mongolia,29/08/2023,3.8,10.0,4.0,14.0
Asia,Mongolia,30/08/2023,9.4,10.0,5.0,36.5
Asia,Mongolia,31/08/2023,6.5,10.0,6.0,70.1
Asia,Myanmar,01/09/2023,6.3,10.0,6.0,39.7
Asia,Myanmar,02/09/2023,6.3,10.0,6.0,52.9
Asia,Myanmar,03/09/2023,6.3,10.0,7.0,49.4
Asia,Myanmar,04/09/2023,2.0,2.0,6.0,22.2
Asia,Myanmar,05/09/2023,8.7,7.0,5.0,13.8
Asia,Myanmar,06/09/2023,12.1,10.0,1.0,21.5
Asia,Myanmar,07/09/2023,8.5,10.0,1.0,16.3
Asia,Myanmar,08/09/2023,7.8,10.0,1.0,27.2
Asia,Myanmar,09/09/2023,7.2,2.0,1.0,32.9
Asia,Myanmar,29/08/2023,13.6,10.0,8.0,52.9
Asia,Myanmar,30/08/2023,6.3,10.0,6.0,36.5
Asia,Myanmar,31/08/2023,5.8,10.0,7.0,22.0
Asia,Nepal,01/09/2023,1.1,7.0,6.0,31.5
Asia,Nepal,02/09/2023,2.9,7.0,5.0,8.5
Asia,Nepal,03/09/2023,4.9,7.0,5.0,3.4
Asia,Nepal,04/09/2023,6.9,7.0,4.0,0.0
Asia,Nepal,05/09/2023,3.8,8.0,4.0,3.4
Asia,Nepal,06/09/2023,4.7,8.0,1.0,15.9
Asia,Nepal,07/09/2023,3.4,7.0,1.0,6.5
Asia,Nepal,08/09/2023,4.3,7.0,1.0,21.5
Asia,Nepal,09/09/2023,1.8,8.0,1.0,19.9
Asia,Nepal,29/08/2023,5.8,8.0,5.0,89.4
Asia,Nepal,30/08/2023,1.1,6.0,5.0,24.7
Asia,Nepal,31/08/2023,2.5,7.0,4.0,7.9
Asia,North Korea,01/09/2023,3.8,10.0,5.0,46.5
Asia,North Korea,02/09/2023,2.2,10.0,5.0,25.0
Asia,North Korea,03/09/2023,5.8,10.0,6.0,28.6
Asia,North Korea,04/09/2023,8.3,10.0,5.0,7.4
Asia,North Korea,05/09/2023,3.6,10.0,6.0,9.7
Asia,North Korea,06/09/2023,4.0,10.0,6.0,13.8
Asia,North Korea,07/09/2023,4.9,10.0,6.0,10.3
Asia,North Korea,08/09/2023,4.0,10.0,6.0,1.5
Asia,North Korea,09/09/2023,3.4,10.0,5.0,0.1
Asia,North Korea,29/08/2023,8.9,10.0,5.0,14.7
Asia,North Korea,30/08/2023,5.6,10.0,5.0,77.3
Asia,North Korea,31/08/2023,2.0,10.0,6.0,4.8
Asia,Oman,01/09/2023,8.1,10.0,1.0,15.0
Asia,Oman,02/09/2023,13.9,8.0,1.0,27.5
Asia,Oman,03/09/2023,3.6,10.0,1.0,59.4
Asia,Oman,04/09/2023,2.9,9.0,1.0,48.6
Asia,Oman,05/09/2023,1.6,10.0,1.0,26.1
Asia,Oman,06/09/2023,8.7,10.0,1.0,0.0
Asia,Oman,07/09/2023,12.3,10.0,1.0,78.0
Asia,Oman,08/09/2023,8.9,10.0,1.0,20.2
Asia,Oman,09/09/2023,1.3,10.0,1.0,21.5
Asia,Oman,29/08/2023,11.9,9.0,8.0,81.5
Asia,Oman,30/08/2023,7.6,7.0,7.0,64.4
Asia,Oman,31/08/2023,6.5,8.0,1.0,55.8
Asia,Pakistan,01/09/2023,4.9,10.0,1.0,52.2
Asia,Pakistan,02/09/2023,9.6,10.0,1.0,34.7
Asia,Pakistan,03/09/2023,10.5,10.0,1.0,27.9
Asia,Pakistan,04/09/2023,11.0,10.0,1.0,113.0
Asia,Pakistan,05/09/2023,10.5,10.0,1.0,44.4
Asia,Pakistan,06/09/2023,11.9,10.0,1.0,40.4
Asia,Pakistan,07/09/2023,14.1,10.0,1.0,35.1
Asia,Pakistan,08/09/2023,14.5,10.0,1.0,35.1
Asia,Pakistan,09/09/2023,11.2,10.0,1.0,54.4
Asia,Pakistan,29/08/2023,4.0,10.0,8.0,277.5
Asia,Pakistan,30/08/2023,7.4,10.0,7.0,98.7
Asia,Pakistan,31/08/2023,13.0,10.0,1.0,47.2
Asia,Philippines,01/09/2023,29.5,5.0,6.0,26.5
Asia,Philippines,02/09/2023,32.7,9.0,6.0,31.1
Asia,Philippines,03/09/2023,29.3,8.0,6.0,37.2
Asia,Philippines,04/09/2023,25.5,6.0,6.0,42.2
Asia,Philippines,05/09/2023,13.0,10.0,6.0,47.9
Asia,Philippines,06/09/2023,0.7,9.0,7.0,22.5
Asia,Philippines,07/09/2023,3.4,10.0,7.0,0.3
Asia,Philippines,08/09/2023,3.8,7.0,6.0,1.4
Asia,Philippines,09/09/2023,1.8,7.0,6.0,0.1
Asia,Philippines,29/08/2023,23.9,10.0,6.0,39.7
Asia,Philippines,30/08/2023,29.3,10.0,6.0,47.2
Asia,Philippines,31/08/2023,35.8,6.0,6.0,47.9
Asia,Qatar,01/09/2023,27.5,10.0,1.0,167.4
Asia,Qatar,02/09/2023,13.4,10.0,1.0,103.0
Asia,Qatar,03/09/2023,7.6,10.0,1.0,0.0
Asia,Qatar,04/09/2023,8.9,9.0,1.0,34.0
Asia,Qatar,05/09/2023,6.3,10.0,1.0,0.0
Asia,Qatar,06/09/2023,9.2,7.0,1.0,110.2
Asia,Qatar,07/09/2023,16.8,3.2,1.0,0.0
Asia,Qatar,08/09/2023,12.3,9.0,1.0,97.3
Asia,Qatar,09/09/2023,9.2,10.0,1.0,22.9
Asia,Qatar,29/08/2023,16.1,10.0,9.0,147.3
Asia,Qatar,30/08/2023,17.0,10.0,8.0,57.2
Asia,Qatar,31/08/2023,16.1,10.0,1.0,111.6
Asia,Russia,01/09/2023,5.1,10.0,4.0,9.5
Asia,Russia,02/09/2023,8.7,10.0,3.0,11.6
Asia,Russia,03/09/2023,6.0,10.0,4.0,24.3
Asia,Russia,04/09/2023,3.6,10.0,4.0,13.8
Asia,Russia,05/09/2023,5.8,10.0,1.0,10.1
Asia,Russia,06/09/2023,8.5,10.0,1.0,16.6
Asia,Russia,07/09/2023,4.5,10.0,1.0,12.3
Asia,Russia,08/09/2023,7.8,10.0,1.0,10.3
Asia,Russia,09/09/2023,10.3,10.0,1.0,15.2
Asia,Russia,29/08/2023,14.8,10.0,8.0,94.4
Asia,Russia,30/08/2023,10.7,10.0,6.0,25.4
Asia,Russia,31/08/2023,6.7,10.0,5.0,7.4
Asia,Saudi Arabia,01/09/2023,12.3,10.0,1.0,79.4
Asia,Saudi Arabia,02/09/2023,5.4,10.0,1.0,62.2
Asia,Saudi Arabia,03/09/2023,15.7,10.0,1.0,83.7
Asia,Saudi Arabia,04/09/2023,6.5,10.0,1.0,123.0
Asia,Saudi Arabia,05/09/2023,3.8,10.0,1.0,55.1
Asia,Saudi Arabia,06/09/2023,2.9,10.0,1.0,100.1
Asia,Saudi Arabia,07/09/2023,13.6,10.0,1.0,85.1
Asia,Saudi Arabia,08/09/2023,17.4,10.0,1.0,98.7
Asia,Saudi Arabia,09/09/2023,9.8,10.0,1.0,125.9
Asia,Saudi Arabia,29/08/2023,7.4,10.0,10.0,160.2
Asia,Saudi Arabia,30/08/2023,20.8,10.0,1.0,98.7
Asia,Saudi Arabia,31/08/2023,12.5,10.0,1.0,144.5
Asia,Singapore,01/09/2023,17.2,10.0,1.0,0.6
Asia,Singapore,02/09/2023,11.4,9.0,1.0,0.1
Asia,Singapore,03/09/2023,17.0,10.0,1.0,35.1
Asia,Singapore,04/09/2023,18.3,7.0,1.0,57.2
Asia,Singapore,05/09/2023,15.0,9.0,1.0,9.0
Asia,Singapore,06/09/2023,11.4,10.0,6.0,0.0
Asia,Singapore,07/09/2023,12.1,9.0,7.0,1.8
Asia,Singapore,08/09/2023,11.4,10.0,6.0,0.0
Asia,Singapore,09/09/2023,10.1,10.0,1.0,0.2
Asia,Singapore,29/08/2023,13.6,10.0,6.0,44.7
Asia,Singapore,30/08/2023,11.0,10.0,6.0,1.3
Asia,Singapore,31/08/2023,14.1,10.0,1.0,1.5
Asia,South Korea,01/09/2023,4.5,10.0,6.0,0.7
Asia,South Korea,02/09/2023,3.4,10.0,6.0,0.4
Asia,South Korea,03/09/2023,4.9,9.0,1.0,13.8
Asia,South Korea,04/09/2023,4.9,10.0,5.0,0.2
Asia,South Korea,05/09/2023,2.2,10.0,7.0,0.4
Asia,South Korea,06/09/2023,3.8,10.0,6.0,0.7
Asia,South Korea,07/09/2023,4.9,10.0,6.0,1.1
Asia,South Korea,08/09/2023,2.9,10.0,6.0,0.8
Asia,South Korea,09/09/2023,3.6,8.0,6.0,0.0
Asia,South Korea,29/08/2023,13.2,10.0,1.0,35.8
Asia,South Korea,30/08/2023,2.5,10.0,6.0,47.2
Asia,South Korea,31/08/2023,1.8,7.0,5.0,0.1
Asia,Sri Lanka,01/09/2023,16.1,10.0,1.0,40.8
Asia,Sri Lanka,02/09/2023,16.3,10.0,1.0,18.6
Asia,Sri Lanka,03/09/2023,20.4,10.0,1.0,24.3
Asia,Sri Lanka,04/09/2023,27.7,10.0,1.0,25.4
Asia,Sri Lanka,05/09/2023,17.0,10.0,1.0,28.6
Asia,Sri Lanka,06/09/2023,26.4,10.0,1.0,25.0
Asia,Sri Lanka,07/09/2023,20.6,8.0,1.0,30.4
Asia,Sri Lanka,08/09/2023,14.1,9.0,1.0,26.8
Asia,Sri Lanka,09/09/2023,14.5,9.0,1.0,37.6
Asia,Sri Lanka,29/08/2023,17.4,10.0,6.0,25.0
Asia,Sri Lanka,30/08/2023,14.5,9.0,6.0,26.1
Asia,Sri Lanka,31/08/2023,18.8,9.0,1.0,36.8
Asia,Syria,01/09/2023,3.6,10.0,1.0,48.6
Asia,Syria,02/09/2023,2.7,10.0,1.0,38.3
Asia,Syria,03/09/2023,1.6,10.0,1.0,27.5
Asia,Syria,04/09/2023,2.7,10.0,1.0,39.3
Asia,Syria,05/09/2023,5.6,10.0,1.0,62.2
Asia,Syria,06/09/2023,7.6,10.0,1.0,104.4
Asia,Syria,07/09/2023,4.7,10.0,1.0,88.7
Asia,Syria,08/09/2023,8.9,10.0,1.0,58.7
Asia,Syria,09/09/2023,6.9,10.0,1.0,40.1
Asia,Syria,29/08/2023,18.1,10.0,8.0,127.3
Asia,Syria,30/08/2023,3.6,10.0,1.0,25.0
Asia,Syria,31/08/2023,6.3,10.0,1.0,46.5
Asia,Tajikistan,01/09/2023,3.4,7.0,1.0,46.5
Asia,Tajikistan,02/09/2023,2.5,7.0,1.0,24.0
Asia,Tajikistan,03/09/2023,2.5,8.0,1.0,35.8
Asia,Tajikistan,04/09/2023,6.3,10.0,1.0,26.5
Asia,Tajikistan,05/09/2023,3.4,10.0,1.0,38.3
Asia,Tajikistan,06/09/2023,2.9,10.0,1.0,28.6
Asia,Tajikistan,07/09/2023,5.1,10.0,1.0,39.7
Asia,Tajikistan,08/09/2023,5.6,10.0,1.0,31.8
Asia,Tajikistan,09/09/2023,6.5,10.0,1.0,47.9
Asia,Tajikistan,29/08/2023,1.8,10.0,8.0,104.4
Asia,Tajikistan,30/08/2023,5.1,9.0,6.0,44.7
Asia,Tajikistan,31/08/2023,6.7,10.0,1.0,31.5
Asia,Thailand,01/09/2023,4.95,8.0,1.0,0.85
Asia,Thailand,02/09/2023,4.4,10.0,1.0,10.75
Asia,Thailand,03/09/2023,5.15,10.0,1.0,2.35
Asia,Thailand,04/09/2023,5.25,10.0,1.0,0.75
Asia,Thailand,05/09/2023,3.7,10.0,1.0,4.3
Asia,Thailand,06/09/2023,4.0,9.0,1.0,2.5
Asia,Thailand,07/09/2023,4.0,10.0,1.0,2.0
Asia,Thailand,08/09/2023,5.95,10.0,1.0,4.05
Asia,Thailand,09/09/2023,5.15,10.0,1.0,1.7
Asia,Thailand,29/08/2023,8.5,10.0,6.5,18.65
Asia,Thailand,30/08/2023,4.0,10.0,6.5,4.95
Asia,Thailand,31/08/2023,4.7,8.5,1.0,9.55
Asia,Timor-Leste,09/09/2023,4.3,10.0,6.0,30.0
Asia,Turkmenistan,01/09/2023,7.2,10.0,1.0,51.5
Asia,Turkmenistan,02/09/2023,5.1,10.0,1.0,43.6
Asia,Turkmenistan,03/09/2023,2.5,10.0,1.0,58.7
Asia,Turkmenistan,04/09/2023,7.2,10.0,1.0,52.2
Asia,Turkmenistan,05/09/2023,22.4,10.0,1.0,44.4
Asia,Turkmenistan,06/09/2023,14.3,10.0,1.0,53.6
Asia,Turkmenistan,07/09/2023,11.2,10.0,1.0,53.6
Asia,Turkmenistan,08/09/2023,20.1,10.0,1.0,73.7
Asia,Turkmenistan,09/09/2023,10.3,10.0,1.0,42.6
Asia,Turkmenistan,29/08/2023,3.8,10.0,8.0,223.2
Asia,Turkmenistan,30/08/2023,6.3,10.0,7.0,85.8
Asia,Turkmenistan,31/08/2023,6.7,10.0,1.0,42.9
Asia,United Arab Emirates,01/09/2023,9.8,10.0,1.0,131.6
Asia,United Arab Emirates,02/09/2023,12.5,10.0,1.0,183.1
Asia,United Arab Emirates,03/09/2023,8.1,10.0,1.0,143.1
Asia,United Arab Emirates,04/09/2023,19.9,10.0,1.0,128.8
Asia,United Arab Emirates,05/09/2023,8.9,10.0,1.0,117.3
Asia,United Arab Emirates,06/09/2023,16.3,8.0,1.0,125.9
Asia,United Arab Emirates,07/09/2023,22.1,10.0,1.0,188.8
Asia,United Arab Emirates,08/09/2023,26.2,10.0,1.0,100.1
Asia,United Arab Emirates,09/09/2023,16.8,10.0,1.0,151.6
Asia,United Arab Emirates,29/08/2023,25.1,10.0,9.0,320.4
Asia,United Arab Emirates,30/08/2023,7.8,10.0,8.0,77.3
Asia,United Arab Emirates,31/08/2023,9.2,10.0,1.0,70.8
Asia,Uzbekistan,01/09/2023,9.8,10.0,1.0,39.0
Asia,Uzbekistan,02/09/2023,9.4,10.0,1.0,21.1
Asia,Uzbekistan,03/09/2023,10.7,10.0,1.0,39.7
Asia,Uzbekistan,04/09/2023,6.9,10.0,1.0,32.9
Asia,Uzbekistan,05/09/2023,7.8,10.0,1.0,31.1
Asia,Uzbekistan,06/09/2023,5.1,10.0,1.0,20.7
Asia,Uzbekistan,07/09/2023,5.6,10.0,1.0,49.4
Asia,Uzbekistan,08/09/2023,8.5,10.0,1.0,44.7
Asia,Uzbekistan,09/09/2023,4.7,10.0,1.0,65.1
Asia,Uzbekistan,29/08/2023,4.7,10.0,8.0,133.0
Asia,Uzbekistan,30/08/2023,6.3,10.0,7.0,10.4
Asia,Uzbekistan,31/08/2023,3.8,10.0,1.0,20.2
Asia,Vietnam,01/09/2023,14.3,7.0,6.0,0.0
Asia,Vietnam,02/09/2023,15.9,5.0,6.0,0.0
Asia,Vietnam,03/09/2023,13.0,10.0,6.0,0.0
Asia,Vietnam,04/09/2023,11.6,4.0,5.0,38.6
Asia,Vietnam,05/09/2023,11.2,6.0,6.0,0.1
Asia,Vietnam,06/09/2023,10.1,7.0,6.0,22.9
Asia,Vietnam,07/09/2023,6.5,10.0,7.0,22.0
Asia,Vietnam,08/09/2023,2.5,9.0,7.0,25.4
Asia,Vietnam,09/09/2023,8.3,10.0,7.0,26.1
Asia,Vietnam,29/08/2023,16.1,10.0,8.0,90.1
Asia,Vietnam,30/08/2023,13.6,10.0,8.0,75.8
Asia,Vietnam,31/08/2023,12.8,10.0,6.0,0.6
Asia,Yemen,01/09/2023,2.2,9.0,1.0,51.5
Asia,Yemen,02/09/2023,14.5,10.0,1.0,61.5
Asia,Yemen,03/09/2023,8.3,10.0,1.0,78.0
Asia,Yemen,04/09/2023,5.4,10.0,1.0,55.8
Asia,Yemen,05/09/2023,5.1,10.0,1.0,60.1
Asia,Yemen,06/09/2023,11.6,10.0,1.0,85.8
Asia,Yemen,07/09/2023,11.6,10.0,1.0,65.1
Asia,Yemen,08/09/2023,18.8,10.0,1.0,76.5
Asia,Yemen,09/09/2023,7.6,10.0,1.0,83.0
Asia,Yemen,29/08/2023,4.7,10.0,6.0,114.4
Asia,Yemen,30/08/2023,4.7,10.0,5.0,41.8
Asia,Yemen,31/08/2023,6.5,9.0,1.0,50.1
Atlantic,Cape Verde,01/09/2023,3.8,10.0,1.0,14.1
Atlantic,Cape Verde,02/09/2023,9.6,10.0,1.0,32.9
Atlantic,Cape Verde,03/09/2023,13.2,10.0,1.0,30.4
Atlantic,Cape Verde,04/09/2023,10.7,10.0,1.0,24.7
Atlantic,Cape Verde,05/09/2023,22.1,10.0,1.0,55.1
Atlantic,Cape Verde,06/09/2023,15.7,6.0,1.0,47.2
Atlantic,Cape Verde,07/09/2023,22.6,10.0,1.0,50.1
Atlantic,Cape Verde,08/09/2023,3.4,10.0,1.0,17.4
Atlantic,Cape Verde,29/08/2023,10.1,6.0,7.0,52.2
Atlantic,Cape Verde,30/08/2023,14.65,10.0,1.0,57.25
Atlantic,Cape Verde,31/08/2023,29.5,10.0,1.0,18.6
Atlantic,Iceland,01/09/2023,68.7,7.0,1.0,65.8
Atlantic,Iceland,02/09/2023,40.9,9.0,1.0,61.5
Atlantic,Iceland,03/09/2023,41.2,10.0,1.0,56.5
Atlantic,Iceland,04/09/2023,16.3,10.0,1.0,52.9
Atlantic,Iceland,05/09/2023,20.6,10.0,1.0,58.7
Atlantic,Iceland,06/09/2023,9.2,2.0,1.0,40.4
Atlantic,Iceland,07/09/2023,30.6,10.0,1.0,52.2
Atlantic,Iceland,08/09/2023,21.7,10.0,1.0,50.1
Atlantic,Iceland,29/08/2023,5.4,10.0,3.0,45.1
Atlantic,Iceland,30/08/2023,17.35,10.0,1.0,61.15
Atlantic,Iceland,31/08/2023,16.3,10.0,1.0,67.2
Australia,Australia,01/09/2023,8.5,10.0,3.0,20.0
Australia,Australia,02/09/2023,3.4,10.0,3.0,29.3
Australia,Australia,03/09/2023,1.3,10.0,4.0,42.2
Australia,Australia,04/09/2023,1.8,10.0,4.0,29.0
Australia,Australia,05/09/2023,15.7,10.0,4.0,37.2
Australia,Australia,06/09/2023,4.5,10.0,3.0,18.4
Australia,Australia,07/09/2023,2.5,10.0,4.0,20.0
Australia,Australia,08/09/2023,22.1,10.0,2.0,41.1
Australia,Australia,09/09/2023,9.2,10.0,2.0,50.1
Australia,Australia,29/08/2023,9.4,10.0,1.0,44.0
Australia,Australia,30/08/2023,14.3,10.0,5.0,52.2
Australia,Australia,31/08/2023,1.3,10.0,3.0,33.6
Europe,Albania,01/09/2023,6.9,10.0,1.0,54.4
Europe,Albania,02/09/2023,5.6,10.0,1.0,42.6
Europe,Albania,03/09/2023,6.9,10.0,1.0,55.8
Europe,Albania,04/09/2023,9.4,10.0,1.0,49.4
Europe,Albania,05/09/2023,10.7,10.0,1.0,37.6
Europe,Albania,06/09/2023,12.8,10.0,1.0,31.1
Europe,Albania,07/09/2023,6.0,10.0,1.0,17.0
Europe,Albania,08/09/2023,11.6,10.0,1.0,21.6
Europe,Albania,09/09/2023,11.2,10.0,1.0,23.6
Europe,Albania,29/08/2023,7.4,10.0,6.0,104.4
Europe,Albania,30/08/2023,14.5,10.0,1.0,75.8
Europe,Albania,31/08/2023,7.8,10.0,1.0,72.2
Europe,Andorra,01/09/2023,2.9,10.0,1.0,45.4
Europe,Andorra,02/09/2023,6.9,9.0,1.0,36.1
Europe,Andorra,03/09/2023,9.4,10.0,1.0,45.1
Europe,Andorra,04/09/2023,9.8,10.0,1.0,37.2
Europe,Andorra,05/09/2023,8.9,10.0,1.0,50.8
Europe,Andorra,06/09/2023,3.8,10.0,1.0,78.0
Europe,Andorra,07/09/2023,3.6,10.0,1.0,62.2
Europe,Andorra,08/09/2023,1.8,10.0,1.0,93.0
Europe,Andorra,09/09/2023,3.8,10.0,1.0,62.9
Europe,Andorra,29/08/2023,7.4,10.0,4.0,68.0
Europe,Andorra,30/08/2023,9.8,10.0,1.0,35.1
Europe,Andorra,31/08/2023,1.3,2.0,1.0,27.2
Europe,Austria,01/09/2023,8.1,10.0,1.0,39.7
Europe,Austria,02/09/2023,5.1,10.0,1.0,3.8
Europe,Austria,03/09/2023,5.8,10.0,1.0,5.1
Europe,Austria,04/09/2023,11.6,10.0,1.0,50.8
Europe,Austria,05/09/2023,4.5,10.0,1.0,65.1
Europe,Austria,06/09/2023,6.5,10.0,1.0,11.3
Europe,Austria,07/09/2023,6.0,10.0,1.0,15.9
Europe,Austria,08/09/2023,6.9,10.0,1.0,6.2
Europe,Austria,09/09/2023,6.0,10.0,1.0,8.1
Europe,Austria,29/08/2023,16.1,10.0,4.0,30.0
Europe,Austria,30/08/2023,13.4,10.0,1.0,41.8
Europe,Austria,31/08/2023,10.1,10.0,1.0,21.5
Europe,Belarus,01/09/2023,11.6,7.0,1.0,24.0
Europe,Belarus,02/09/2023,15.9,10.0,1.0,66.5
Europe,Belarus,03/09/2023,9.2,6.0,1.0,33.3
Europe,Belarus,04/09/2023,5.1,10.0,1.0,38.6
Europe,Belarus,05/09/2023,4.7,10.0,1.0,39.0
Europe,Belarus,06/09/2023,16.3,10.0,1.0,61.5
Europe,Belarus,07/09/2023,11.6,10.0,1.0,36.8
Europe,Belarus,08/09/2023,5.1,10.0,1.0,5.1
Europe,Belarus,09/09/2023,12.3,10.0,1.0,34.0
Europe,Belarus,29/08/2023,13.2,10.0,6.0,94.4
Europe,Belarus,30/08/2023,17.4,10.0,1.0,45.8
Europe,Belarus,31/08/2023,20.4,10.0,1.0,52.2
Europe,Belgium,01/09/2023,8.4,10.0,1.0,58.3
Europe,Belgium,02/09/2023,7.5,9.0,1.0,1.6
Europe,Belgium,03/09/2023,11.65,7.0,1.0,18.1
Europe,Belgium,04/09/2023,12.2,10.0,1.0,40.8
Europe,Belgium,05/09/2023,14.95,10.0,1.0,66.5
Europe,Belgium,06/09/2023,12.4,10.0,1.0,42.4
Europe,Belgium,07/09/2023,11.55,10.0,1.0,53.45
Europe,Belgium,08/09/2023,11.6,10.0,1.0,52.05
Europe,Belgium,09/09/2023,3.6,5.1,1.0,48.1
Europe,Belgium,29/08/2023,6.05,10.0,5.0,43.65
Europe,Belgium,30/08/2023,11.5,10.0,1.0,27.9
Europe,Belgium,31/08/2023,12.85,10.0,1.0,42.9
Europe,Bosnia and Herzegovina,01/09/2023,4.3,7.0,1.0,25.8
Europe,Bosnia and Herzegovina,02/09/2023,5.1,10.0,1.0,29.3
Europe,Bosnia and Herzegovina,03/09/2023,5.6,10.0,1.0,11.2
Europe,Bosnia and Herzegovina,04/09/2023,8.5,10.0,1.0,67.2
Europe,Bosnia and Herzegovina,05/09/2023,13.6,10.0,1.0,76.5
Europe,Bosnia and Herzegovina,06/09/2023,5.1,10.0,1.0,9.2
Europe,Bosnia and Herzegovina,07/09/2023,6.9,10.0,1.0,20.9
Europe,Bosnia and Herzegovina,08/09/2023,6.0,10.0,1.0,20.2
Europe,Bosnia and Herzegovina,09/09/2023,6.9,10.0,1.0,14.0
Europe,Bosnia and Herzegovina,29/08/2023,12.3,10.0,6.0,85.8
Europe,Bosnia and Herzegovina,30/08/2023,6.5,10.0,1.0,18.1
Europe,Bosnia and Herzegovina,31/08/2023,7.6,10.0,1.0,11.6
Europe,Bulgaria,01/09/2023,11.83,10.0,1.0,51.87
Europe,Bulgaria,02/09/2023,5.3,10.0,1.0,19.6
Europe,Bulgaria,03/09/2023,5.97,10.0,1.0,23.4
Europe,Bulgaria,04/09/2023,7.6,9.0,1.0,60.2
Europe,Bulgaria,05/09/2023,5.53,10.0,1.0,39.0
Europe,Bulgaria,06/09/2023,11.47,10.0,1.0,64.63
Europe,Bulgaria,07/09/2023,11.87,10.0,1.0,56.03
Europe,Bulgaria,08/09/2023,8.4,10.0,1.0,65.3
Europe,Bulgaria,09/09/2023,6.43,10.0,1.0,44.73
Europe,Bulgaria,29/08/2023,5.57,10.0,7.67,95.17
Europe,Bulgaria,30/08/2023,5.0,10.0,1.0,52.87
Europe,Bulgaria,31/08/2023,7.3,10.0,1.0,24.53
Europe,Croatia,01/09/2023,0.4,10.0,1.0,14.5
Europe,Croatia,02/09/2023,4.7,10.0,1.0,0.0
Europe,Croatia,03/09/2023,3.8,10.0,1.0,0.1
Europe,Croatia,04/09/2023,7.2,10.0,1.0,45.4
Europe,Croatia,05/09/2023,11.2,10.0,1.0,84.4
Europe,Croatia,06/09/2023,7.6,10.0,1.0,48.6
Europe,Croatia,07/09/2023,9.8,10.0,1.0,16.6
Europe,Croatia,08/09/2023,7.6,10.0,1.0,58.7
Europe,Croatia,09/09/2023,6.5,10.0,1.0,24.7
Europe,Croatia,29/08/2023,5.6,10.0,6.0,83.7
Europe,Croatia,30/08/2023,4.0,10.0,1.0,47.2
Europe,Croatia,31/08/2023,6.5,10.0,1.0,24.7
Europe,Czech Republic,01/09/2023,14.1,10.0,1.0,53.6
Europe,Czech Republic,02/09/2023,9.6,10.0,1.0,0.5
Europe,Czech Republic,03/09/2023,4.7,10.0,1.0,0.0
Europe,Czech Republic,04/09/2023,6.9,10.0,1.0,26.8
Europe,Czech Republic,05/09/2023,6.0,10.0,1.0,2.3
Europe,Czech Republic,06/09/2023,5.6,10.0,1.0,0.1
Europe,Czech Republic,07/09/2023,6.0,10.0,1.0,10.4
Europe,Czech Republic,08/09/2023,6.5,10.0,1.0,53.6
Europe,Czech Republic,09/09/2023,5.6,10.0,1.0,17.7
Europe,Czech Republic,29/08/2023,6.0,10.0,3.0,53.6
Europe,Czech Republic,30/08/2023,5.6,10.0,1.0,32.5
Europe,Czech Republic,31/08/2023,12.8,10.0,1.0,19.1
Europe,Denmark,01/09/2023,12.1,10.0,1.0,31.8
Europe,Denmark,02/09/2023,16.8,10.0,1.0,50.1
Europe,Denmark,03/09/2023,17.7,10.0,1.0,75.8
Europe,Denmark,04/09/2023,16.6,10.0,1.0,77.3
Europe,Denmark,05/09/2023,12.8,10.0,1.0,61.5
Europe,Denmark,06/09/2023,4.3,10.0,1.0,40.4
Europe,Denmark,07/09/2023,17.9,10.0,1.0,79.4
Europe,Denmark,08/09/2023,13.0,10.0,1.0,53.6
Europe,Denmark,09/09/2023,19.2,10.0,1.0,83.7
Europe,Denmark,29/08/2023,3.1,10.0,5.0,61.5
Europe,Denmark,30/08/2023,4.5,10.0,1.0,16.1
Europe,Denmark,31/08/2023,15.7,10.0,1.0,70.1
Europe,Estonia,01/09/2023,6.9,0.2,1.0,75.1
Europe,Estonia,02/09/2023,18.1,10.0,1.0,55.1
Europe,Estonia,03/09/2023,14.5,10.0,1.0,73.0
Europe,Estonia,04/09/2023,12.5,10.0,1.0,54.4
Europe,Estonia,05/09/2023,21.3,10.0,1.0,64.4
Europe,Estonia,06/09/2023,18.8,10.0,1.0,51.5
Europe,Estonia,07/09/2023,10.1,10.0,1.0,50.8
Europe,Estonia,08/09/2023,17.7,10.0,1.0,63.7
Europe,Estonia,09/09/2023,9.6,0.6,1.0,41.1
Europe,Estonia,29/08/2023,13.0,10.0,5.0,103.0
Europe,Estonia,30/08/2023,17.9,10.0,1.0,44.0
Europe,Estonia,31/08/2023,8.7,10.0,1.0,33.3
Europe,Finland,01/09/2023,8.5,10.0,1.0,26.1
Europe,Finland,02/09/2023,12.5,10.0,1.0,61.5
Europe,Finland,03/09/2023,15.0,10.0,1.0,46.5
Europe,Finland,04/09/2023,12.1,10.0,1.0,44.0
Europe,Finland,05/09/2023,21.0,10.0,1.0,70.8
Europe,Finland,06/09/2023,18.1,10.0,1.0,37.2
Europe,Finland,07/09/2023,13.0,10.0,1.0,30.8
Europe,Finland,08/09/2023,15.2,10.0,1.0,63.7
Europe,Finland,09/09/2023,7.6,9.0,1.0,0.9
Europe,Finland,29/08/2023,13.6,10.0,5.0,70.8
Europe,Finland,30/08/2023,14.8,10.0,1.0,45.8
Europe,Finland,31/08/2023,6.5,7.0,1.0,27.2
Europe,France,01/09/2023,10.7,10.0,1.0,50.1
Europe,France,02/09/2023,4.0,10.0,1.0,0.0
Europe,France,03/09/2023,11.6,10.0,1.0,60.8
Europe,France,04/09/2023,11.0,10.0,1.0,42.2
Europe,France,05/09/2023,12.3,10.0,1.0,90.1
Europe,France,06/09/2023,5.1,10.0,1.0,0.0
Europe,France,07/09/2023,9.2,10.0,1.0,56.5
Europe,France,08/09/2023,6.5,10.0,1.0,0.0
Europe,France,09/09/2023,6.7,10.0,1.0,34.0
Europe,France,29/08/2023,4.9,10.0,6.0,70.1
Europe,France,30/08/2023,8.5,10.0,1.0,15.0
Europe,France,31/08/2023,7.8,10.0,1.0,40.4
Europe,Germany,01/09/2023,13.0,10.0,1.0,49.4
Europe,Germany,02/09/2023,5.8,10.0,1.0,20.7
Europe,Germany,03/09/2023,7.6,10.0,1.0,0.2
Europe,Germany,04/09/2023,6.9,10.0,1.0,0.1
Europe,Germany,05/09/2023,8.7,10.0,1.0,1.1
Europe,Germany,06/09/2023,8.5,10.0,1.0,4.5
Europe,Germany,07/09/2023,10.5,10.0,1.0,44.7
Europe,Germany,08/09/2023,13.2,10.0,1.0,78.7
Europe,Germany,09/09/2023,10.7,10.0,1.0,60.1
Europe,Germany,29/08/2023,8.9,10.0,3.0,52.9
Europe,Germany,30/08/2023,6.0,10.0,1.0,48.6
Europe,Germany,31/08/2023,9.8,10.0,1.0,12.7
Europe,Greece,01/09/2023,11.0,10.0,1.0,79.4
Europe,Greece,02/09/2023,5.8,10.0,1.0,34.7
Europe,Greece,03/09/2023,15.0,10.0,1.0,108.7
Europe,Greece,04/09/2023,12.1,10.0,1.0,77.3
Europe,Greece,05/09/2023,9.6,10.0,1.0,83.7
Europe,Greece,06/09/2023,8.5,10.0,1.0,72.2
Europe,Greece,07/09/2023,11.9,7.0,1.0,80.1
Europe,Greece,08/09/2023,17.7,10.0,1.0,79.4
Europe,Greece,09/09/2023,21.7,10.0,1.0,88.7
Europe,Greece,29/08/2023,10.5,10.0,8.0,177.4
Europe,Greece,30/08/2023,14.1,10.0,1.0,72.2
Europe,Greece,31/08/2023,13.6,10.0,1.0,98.7
Europe,Hungary,01/09/2023,5.8,10.0,1.0,37.6
Europe,Hungary,02/09/2023,4.5,10.0,1.0,0.1
Europe,Hungary,03/09/2023,2.7,10.0,1.0,3.4
Europe,Hungary,04/09/2023,6.5,10.0,1.0,57.9
Europe,Hungary,05/09/2023,13.9,10.0,1.0,73.0
Europe,Hungary,06/09/2023,6.3,10.0,1.0,15.2
Europe,Hungary,07/09/2023,6.5,10.0,1.0,1.8
Europe,Hungary,08/09/2023,6.5,10.0,1.0,21.5
Europe,Hungary,09/09/2023,7.2,10.0,1.0,2.1
Europe,Hungary,29/08/2023,4.5,10.0,5.0,83.0
Europe,Hungary,30/08/2023,5.4,10.0,1.0,35.4
Europe,Hungary,31/08/2023,3.1,10.0,1.0,4.0
Europe,Ireland,01/09/2023,5.4,10.0,1.0,12.5
Europe,Ireland,02/09/2023,9.4,5.0,1.0,50.8
Europe,Ireland,03/09/2023,12.8,10.0,1.0,42.9
Europe,Ireland,04/09/2023,5.6,10.0,1.0,3.1
Europe,Ireland,05/09/2023,7.6,10.0,1.0,78.0
Europe,Ireland,06/09/2023,7.6,10.0,1.0,82.3
Europe,Ireland,07/09/2023,12.3,10.0,1.0,10.6
Europe,Ireland,08/09/2023,6.45,7.25,1.0,4.4
Europe,Ireland,29/08/2023,13.0,10.0,4.0,56.5
Europe,Ireland,30/08/2023,13.9,10.0,1.0,51.5
Europe,Ireland,31/08/2023,6.5,10.0,1.0,50.8
Europe,Italy,01/09/2023,9.8,10.0,1.0,3.8
Europe,Italy,02/09/2023,2.5,10.0,1.0,0.0
Europe,Italy,03/09/2023,6.9,10.0,1.0,7.6
Europe,Italy,04/09/2023,10.1,10.0,1.0,3.1
Europe,Italy,05/09/2023,13.6,10.0,1.0,90.8
Europe,Italy,06/09/2023,11.9,10.0,1.0,64.4
Europe,Italy,07/09/2023,12.3,10.0,1.0,7.0
Europe,Italy,08/09/2023,8.5,10.0,1.0,18.2
Europe,Italy,09/09/2023,10.3,10.0,1.0,0.7
Europe,Italy,29/08/2023,24.2,4.0,5.0,70.8
Europe,Italy,30/08/2023,4.7,10.0,1.0,17.5
Europe,Italy,31/08/2023,6.3,10.0,1.0,2.0
Europe,Latvia,01/09/2023,12.8,10.0,1.0,50.1
Europe,Latvia,02/09/2023,17.9,10.0,1.0,43.3
Europe,Latvia,03/09/2023,15.0,10.0,1.0,50.1
Europe,Latvia,04/09/2023,8.9,10.0,1.0,27.9
Europe,Latvia,05/09/2023,12.8,10.0,1.0,71.5
Europe,Latvia,06/09/2023,13.9,10.0,1.0,80.1
Europe,Latvia,07/09/2023,8.7,10.0,1.0,37.2
Europe,Latvia,08/09/2023,9.4,10.0,1.0,17.7
Europe,Latvia,09/09/2023,2.9,10.0,1.0,24.0
Europe,Latvia,29/08/2023,2.0,10.0,5.0,70.8
Europe,Latvia,30/08/2023,14.1,10.0,1.0,50.8
Europe,Latvia,31/08/2023,8.1,10.0,1.0,28.6
Europe,Liechtenstein,01/09/2023,10.3,10.0,1.0,11.8
Europe,Liechtenstein,02/09/2023,12.3,10.0,1.0,17.4
Europe,Liechtenstein,03/09/2023,10.3,10.0,1.0,30.8
Europe,Liechtenstein,04/09/2023,9.4,10.0,1.0,6.3
Europe,Liechtenstein,05/09/2023,8.9,10.0,1.0,12.9
Europe,Liechtenstein,06/09/2023,12.3,10.0,1.0,40.8
Europe,Liechtenstein,07/09/2023,9.4,10.0,1.0,25.4
Europe,Liechtenstein,08/09/2023,9.8,10.0,1.0,27.2
Europe,Liechtenstein,09/09/2023,9.4,10.0,1.0,8.2
Europe,Liechtenstein,29/08/2023,0.4,10.0,2.0,36.1
Europe,Liechtenstein,30/08/2023,2.0,10.0,1.0,26.8
Europe,Liechtenstein,31/08/2023,9.4,10.0,1.0,33.3
Europe,Lithuania,01/09/2023,11.0,10.0,1.0,30.4
Europe,Lithuania,02/09/2023,15.9,10.0,1.0,63.7
Europe,Lithuania,03/09/2023,8.1,0.2,1.0,36.1
Europe,Lithuania,04/09/2023,8.5,10.0,1.0,15.2
Europe,Lithuania,05/09/2023,10.3,10.0,1.0,30.4
Europe,Lithuania,06/09/2023,12.3,10.0,1.0,64.4
Europe,Lithuania,07/09/2023,8.1,10.0,1.0,26.5
Europe,Lithuania,08/09/2023,1.3,10.0,1.0,0.7
Europe,Lithuania,09/09/2023,6.0,10.0,1.0,32.5
Europe,Lithuania,29/08/2023,11.2,10.0,5.0,90.8
Europe,Lithuania,30/08/2023,16.8,10.0,1.0,48.6
Europe,Lithuania,31/08/2023,17.0,10.0,1.0,33.3
Europe,Luxembourg,01/09/2023,8.7,3.0,1.0,62.9
Europe,Luxembourg,02/09/2023,6.0,10.0,1.0,4.3
Europe,Luxembourg,03/09/2023,12.3,10.0,1.0,20.4
Europe,Luxembourg,04/09/2023,12.8,10.0,1.0,52.9
Europe,Luxembourg,05/09/2023,19.2,10.0,1.0,84.4
Europe,Luxembourg,06/09/2023,12.3,10.0,1.0,55.1
Europe,Luxembourg,07/09/2023,12.3,10.0,1.0,78.0
Europe,Luxembourg,08/09/2023,8.1,10.0,1.0,34.3
Europe,Luxembourg,09/09/2023,5.6,10.0,1.0,0.0
Europe,Luxembourg,29/08/2023,5.6,10.0,4.0,61.5
Europe,Luxembourg,30/08/2023,5.6,10.0,1.0,1.5
Europe,Luxembourg,31/08/2023,8.9,10.0,1.0,38.6
Europe,Macedonia,01/09/2023,8.9,10.0,1.0,29.3
Europe,Macedonia,02/09/2023,6.5,10.0,1.0,11.4
Europe,Macedonia,03/09/2023,10.7,10.0,1.0,21.6
Europe,Macedonia,04/09/2023,13.6,10.0,1.0,59.4
Europe,Macedonia,05/09/2023,8.3,10.0,1.0,60.8
Europe,Macedonia,06/09/2023,4.9,10.0,1.0,55.1
Europe,Macedonia,07/09/2023,2.5,10.0,1.0,23.3
Europe,Macedonia,08/09/2023,1.3,10.0,1.0,53.6
Europe,Macedonia,09/09/2023,2.5,10.0,1.0,9.1
Europe,Macedonia,29/08/2023,3.8,10.0,8.0,104.4
Europe,Macedonia,30/08/2023,7.4,10.0,1.0,70.8
Europe,Macedonia,31/08/2023,8.9,10.0,1.0,20.0
Europe,Malta,01/09/2023,11.4,10.0,1.0,91.6
Europe,Malta,02/09/2023,9.8,10.0,1.0,91.6
Europe,Malta,03/09/2023,12.3,10.0,1.0,78.0
Europe,Malta,04/09/2023,7.8,10.0,1.0,97.3
Europe,Malta,05/09/2023,21.5,10.0,1.0,97.3
Europe,Malta,06/09/2023,35.8,10.0,1.0,93.0
Europe,Malta,07/09/2023,36.7,10.0,1.0,85.1
Europe,Malta,08/09/2023,29.1,10.0,1.0,98.7
Europe,Malta,09/09/2023,28.9,10.0,1.0,95.8
Europe,Malta,29/08/2023,19.0,10.0,7.0,83.0
Europe,Malta,30/08/2023,17.7,10.0,1.0,88.7
Europe,Malta,31/08/2023,7.4,10.0,1.0,80.8
Europe,Monaco,01/09/2023,4.0,10.0,1.0,46.5
Europe,Monaco,02/09/2023,2.5,10.0,1.0,19.3
Europe,Monaco,03/09/2023,6.3,10.0,1.0,41.8
Europe,Monaco,04/09/2023,8.7,10.0,1.0,60.1
Europe,Monaco,05/09/2023,14.1,10.0,1.0,44.7
Europe,Monaco,06/09/2023,4.7,10.0,1.0,42.9
Europe,Monaco,07/09/2023,17.9,10.0,1.0,30.8
Europe,Monaco,08/09/2023,17.2,10.0,1.0,37.2
Europe,Monaco,09/09/2023,16.1,10.0,1.0,88.0
Europe,Monaco,29/08/2023,13.9,10.0,6.0,70.8
Europe,Monaco,30/08/2023,4.0,10.0,1.0,20.0
Europe,Monaco,31/08/2023,6.0,10.0,1.0,55.1
Europe,Montenegro,01/09/2023,9.8,10.0,1.0,33.3
Europe,Montenegro,02/09/2023,12.3,10.0,1.0,32.5
Europe,Montenegro,03/09/2023,14.5,10.0,1.0,19.1
Europe,Montenegro,04/09/2023,15.2,10.0,1.0,68.0
Europe,Montenegro,05/09/2023,19.0,10.0,1.0,62.2
Europe,Montenegro,06/09/2023,23.0,10.0,1.0,72.2
Europe,Montenegro,07/09/2023,18.3,10.0,1.0,38.6
Europe,Montenegro,08/09/2023,18.3,10.0,1.0,41.1
Europe,Montenegro,09/09/2023,18.3,10.0,1.0,30.8
Europe,Montenegro,29/08/2023,8.9,10.0,5.0,105.9
Europe,Montenegro,30/08/2023,2.5,10.0,1.0,41.8
Europe,Montenegro,31/08/2023,5.6,10.0,1.0,73.0
Europe,Netherlands,01/09/2023,7.6,10.0,1.0,19.9
Europe,Netherlands,02/09/2023,8.3,5.0,1.0,0.2
Europe,Netherlands,03/09/2023,8.5,10.0,1.0,41.8
Europe,Netherlands,04/09/2023,8.9,10.0,1.0,9.4
Europe,Netherlands,05/09/2023,13.6,10.0,1.0,54.4
Europe,Netherlands,06/09/2023,12.3,10.0,1.0,47.9
Europe,Netherlands,07/09/2023,11.6,10.0,1.0,29.3
Europe,Netherlands,08/09/2023,12.8,10.0,1.0,68.7
Europe,Netherlands,09/09/2023,5.6,4.0,1.0,31.8
Europe,Netherlands,29/08/2023,5.1,10.0,5.0,58.7
Europe,Netherlands,30/08/2023,14.8,10.0,1.0,60.1
Europe,Netherlands,31/08/2023,18.6,10.0,1.0,49.4
Europe,Norway,01/09/2023,9.8,10.0,1.0,23.6
Europe,Norway,02/09/2023,9.8,10.0,1.0,10.8
Europe,Norway,03/09/2023,5.8,10.0,1.0,1.9
Europe,Norway,04/09/2023,5.1,10.0,1.0,39.3
Europe,Norway,05/09/2023,4.3,10.0,1.0,19.3
Europe,Norway,06/09/2023,14.1,10.0,1.0,39.7
Europe,Norway,07/09/2023,1.3,2.0,1.0,29.3
Europe,Norway,08/09/2023,3.4,0.0,1.0,37.2
Europe,Norway,09/09/2023,2.9,0.0,1.0,44.0
Europe,Norway,29/08/2023,1.8,10.0,4.0,26.8
Europe,Norway,30/08/2023,3.6,0.0,1.0,31.8
Europe,Norway,31/08/2023,6.0,10.0,1.0,15.4
Europe,Poland,01/09/2023,11.4,10.0,1.0,50.8
Europe,Poland,02/09/2023,6.7,10.0,1.0,26.1
Europe,Poland,03/09/2023,7.6,10.0,1.0,5.3
Europe,Poland,04/09/2023,7.6,10.0,1.0,50.8
Europe,Poland,05/09/2023,3.8,10.0,1.0,30.4
Europe,Poland,06/09/2023,7.2,10.0,1.0,46.5
Europe,Poland,07/09/2023,1.8,10.0,1.0,12.7
Europe,Poland,08/09/2023,7.6,10.0,1.0,29.7
Europe,Poland,09/09/2023,3.4,10.0,1.0,0.0
Europe,Poland,29/08/2023,5.4,10.0,7.0,65.8
Europe,Poland,30/08/2023,6.0,9.0,1.0,28.6
Europe,Poland,31/08/2023,8.5,10.0,1.0,51.5
Europe,Portugal,01/09/2023,10.1,10.0,1.0,72.2
Europe,Portugal,02/09/2023,11.2,10.0,1.0,64.4
Europe,Portugal,03/09/2023,6.9,10.0,1.0,79.4
Europe,Portugal,04/09/2023,9.8,10.0,1.0,60.1
Europe,Portugal,05/09/2023,21.5,10.0,1.0,71.5
Europe,Portugal,06/09/2023,8.7,10.0,1.0,65.1
Europe,Portugal,07/09/2023,10.3,10.0,1.0,56.5
Europe,Portugal,08/09/2023,9.55,10.0,1.0,55.8
Europe,Portugal,29/08/2023,24.2,10.0,6.0,63.7
Europe,Portugal,30/08/2023,23.7,10.0,1.0,65.8
Europe,Portugal,31/08/2023,18.1,10.0,1.0,86.6
Europe,Romania,01/09/2023,8.3,10.0,1.0,27.5
Europe,Romania,02/09/2023,10.7,10.0,1.0,18.6
Europe,Romania,03/09/2023,4.5,10.0,1.0,9.6
Europe,Romania,04/09/2023,15.7,10.0,1.0,30.4
Europe,Romania,05/09/2023,17.0,10.0,1.0,85.1
Europe,Romania,06/09/2023,20.4,10.0,1.0,85.8
Europe,Romania,07/09/2023,15.2,10.0,1.0,78.7
Europe,Romania,08/09/2023,15.4,10.0,1.0,51.5
Europe,Romania,09/09/2023,2.5,10.0,1.0,14.0
Europe,Romania,29/08/2023,17.0,10.0,9.0,104.4
Europe,Romania,30/08/2023,3.4,10.0,1.0,50.8
Europe,Romania,31/08/2023,2.9,10.0,1.0,4.5
Europe,Russia,01/09/2023,12.5,10.0,1.0,25.4
Europe,Russia,02/09/2023,5.8,10.0,1.0,0.2
Europe,Russia,03/09/2023,6.0,10.0,1.0,0.3
Europe,Russia,04/09/2023,8.3,10.0,1.0,0.0
Europe,Russia,05/09/2023,6.7,10.0,1.0,0.5
Europe,Russia,06/09/2023,11.9,10.0,1.0,28.3
Europe,Russia,07/09/2023,15.0,10.0,1.0,35.8
Europe,Russia,08/09/2023,13.0,10.0,1.0,31.8
Europe,Russia,09/09/2023,11.2,10.0,1.0,19.0
Europe,Russia,29/08/2023,8.9,10.0,3.0,25.8
Europe,Russia,30/08/2023,2.7,9.0,1.0,0.0
Europe,Russia,31/08/2023,8.7,10.0,1.0,3.3
Europe,San Marino,01/09/2023,11.4,10.0,1.0,78.0
Europe,San Marino,02/09/2023,8.5,10.0,1.0,100.1
Europe,San Marino,03/09/2023,4.7,10.0,1.0,127.3
Europe,San Marino,04/09/2023,4.5,10.0,1.0,134.5
Europe,San Marino,05/09/2023,25.3,10.0,1.0,114.4
Europe,San Marino,06/09/2023,7.6,10.0,1.0,87.3
Europe,San Marino,07/09/2023,15.0,10.0,1.0,84.4
Europe,San Marino,08/09/2023,15.4,10.0,1.0,88.7
Europe,San Marino,09/09/2023,15.2,10.0,1.0,78.0
Europe,San Marino,29/08/2023,12.3,10.0,6.0,65.8
Europe,San Marino,30/08/2023,20.1,10.0,1.0,54.4
Europe,San Marino,31/08/2023,9.2,10.0,1.0,67.2
Europe,Serbia,01/09/2023,5.8,10.0,1.0,3.7
Europe,Serbia,02/09/2023,4.3,10.0,1.0,21.8
Europe,Serbia,03/09/2023,4.7,10.0,1.0,9.3
Europe,Serbia,04/09/2023,8.9,10.0,1.0,65.8
Europe,Serbia,05/09/2023,8.9,10.0,1.0,62.9
Europe,Serbia,06/09/2023,6.5,10.0,1.0,25.8
Europe,Serbia,07/09/2023,8.9,10.0,1.0,29.0
Europe,Serbia,08/09/2023,9.8,10.0,1.0,10.7
Europe,Serbia,09/09/2023,9.4,10.0,1.0,8.1
Europe,Serbia,29/08/2023,8.1,10.0,5.0,91.6
Europe,Serbia,30/08/2023,6.0,10.0,1.0,20.0
Europe,Serbia,31/08/2023,9.8,10.0,1.0,35.1
Europe,Slovakia,01/09/2023,10.1,10.0,1.0,45.8
Europe,Slovakia,02/09/2023,4.7,10.0,1.0,46.5
Europe,Slovakia,03/09/2023,10.7,10.0,1.0,9.0
Europe,Slovakia,04/09/2023,15.4,10.0,1.0,60.8
Europe,Slovakia,05/09/2023,6.9,10.0,1.0,53.6
Europe,Slovakia,06/09/2023,8.5,10.0,1.0,13.6
Europe,Slovakia,07/09/2023,7.6,10.0,1.0,36.1
Europe,Slovakia,08/09/2023,10.3,10.0,1.0,23.3
Europe,Slovakia,09/09/2023,8.9,10.0,1.0,11.3
Europe,Slovakia,29/08/2023,14.3,10.0,4.0,62.9
Europe,Slovakia,30/08/2023,19.2,10.0,1.0,47.2
Europe,Slovakia,31/08/2023,10.3,10.0,1.0,45.8
Europe,Slovenia,01/09/2023,2.0,10.0,1.0,4.7
Europe,Slovenia,02/09/2023,3.8,10.0,1.0,0.1
Europe,Slovenia,03/09/2023,2.7,10.0,1.0,5.7
Europe,Slovenia,04/09/2023,1.8,10.0,1.0,1.5
Europe,Slovenia,05/09/2023,2.7,10.0,1.0,10.1
Europe,Slovenia,06/09/2023,3.4,10.0,1.0,3.3
Europe,Slovenia,07/09/2023,2.9,10.0,1.0,4.6
Europe,Slovenia,08/09/2023,2.9,10.0,1.0,10.6
Europe,Slovenia,09/09/2023,3.4,10.0,1.0,12.5
Europe,Slovenia,29/08/2023,5.6,4.0,4.0,85.8
Europe,Slovenia,30/08/2023,1.8,10.0,1.0,41.8
Europe,Slovenia,31/08/2023,0.9,10.0,1.0,28.6
Europe,Spain,01/09/2023,8.5,10.0,1.0,7.7
Europe,Spain,02/09/2023,12.5,10.0,1.0,75.1
Europe,Spain,03/09/2023,19.2,8.0,1.0,45.4
Europe,Spain,04/09/2023,16.8,9.0,1.0,44.4
Europe,Spain,05/09/2023,8.1,9.0,1.0,8.9
Europe,Spain,06/09/2023,6.7,9.0,1.0,0.5
Europe,Spain,07/09/2023,13.0,10.0,1.0,0.0
Europe,Spain,08/09/2023,6.3,10.0,1.0,20.0
Europe,Spain,09/09/2023,15.4,10.0,1.0,22.5
Europe,Spain,29/08/2023,0.9,10.0,6.0,117.3
Europe,Spain,30/08/2023,11.0,10.0,1.0,30.8
Europe,Spain,31/08/2023,17.2,10.0,1.0,60.1
Europe,Sweden,01/09/2023,6.5,10.0,1.0,12.3
Europe,Sweden,02/09/2023,3.8,0.2,1.0,39.0
Europe,Sweden,03/09/2023,11.4,10.0,1.0,36.5
Europe,Sweden,04/09/2023,10.1,10.0,1.0,44.4
Europe,Sweden,05/09/2023,15.7,10.0,1.0,66.5
Europe,Sweden,06/09/2023,8.5,10.0,1.0,25.4
Europe,Sweden,07/09/2023,11.2,10.0,1.0,25.8
Europe,Sweden,08/09/2023,12.8,10.0,1.0,37.2
Europe,Sweden,09/09/2023,6.9,8.0,1.0,0.2
Europe,Sweden,29/08/2023,7.4,10.0,5.0,51.5
Europe,Sweden,30/08/2023,1.1,10.0,1.0,47.9
Europe,Sweden,31/08/2023,9.6,10.0,1.0,32.5
Europe,Switzerland,01/09/2023,5.6,10.0,1.0,11.8
Europe,Switzerland,02/09/2023,6.5,10.0,1.0,0.1
Europe,Switzerland,03/09/2023,5.6,10.0,1.0,2.4
Europe,Switzerland,04/09/2023,5.6,10.0,1.0,30.8
Europe,Switzerland,05/09/2023,2.5,8.0,1.0,47.9
Europe,Switzerland,06/09/2023,4.3,10.0,1.0,25.8
Europe,Switzerland,07/09/2023,4.7,10.0,1.0,5.4
Europe,Switzerland,08/09/2023,6.0,10.0,1.0,2.6
Europe,Switzerland,09/09/2023,6.0,10.0,1.0,1.5
Europe,Switzerland,29/08/2023,2.5,10.0,4.0,57.2
Europe,Switzerland,30/08/2023,2.5,10.0,1.0,28.6
Europe,Switzerland,31/08/2023,9.4,10.0,1.0,8.5
Europe,Turkey,01/09/2023,6.15,10.0,1.0,35.95
Europe,Turkey,02/09/2023,9.75,10.0,1.0,64.35
Europe,Turkey,03/09/2023,13.85,10.0,1.0,72.6
Europe,Turkey,04/09/2023,8.25,10.0,1.0,58.9
Europe,Turkey,05/09/2023,9.15,10.0,1.0,61.5
Europe,Turkey,06/09/2023,9.15,10.0,1.0,31.35
Europe,Turkey,07/09/2023,8.95,10.0,1.0,51.65
Europe,Turkey,08/09/2023,13.4,10.0,1.0,79.8
Europe,Turkey,09/09/2023,15.55,10.0,1.0,70.45
Europe,Turkey,29/08/2023,2.35,10.0,7.5,135.2
Europe,Turkey,30/08/2023,6.6,10.0,1.0,12.55
Europe,Turkey,31/08/2023,6.15,10.0,1.0,26.5
Europe,Ukraine,01/09/2023,13.2,10.0,1.0,61.5
Europe,Ukraine,02/09/2023,13.2,10.0,1.0,18.1
Europe,Ukraine,03/09/2023,4.7,10.0,1.0,20.9
Europe,Ukraine,04/09/2023,12.8,10.0,1.0,46.5
Europe,Ukraine,05/09/2023,8.1,10.0,1.0,31.8
Europe,Ukraine,06/09/2023,5.1,10.0,1.0,25.4
Europe,Ukraine,07/09/2023,5.1,10.0,1.0,31.5
Europe,Ukraine,08/09/2023,4.5,10.0,1.0,42.9
Europe,Ukraine,09/09/2023,8.9,10.0,1.0,50.8
Europe,Ukraine,29/08/2023,8.9,10.0,7.0,70.1
Europe,Ukraine,30/08/2023,3.8,10.0,1.0,49.4
Europe,Ukraine,31/08/2023,10.5,6.0,1.0,21.8
Europe,United Kingdom,01/09/2023,2.2,10.0,1.0,5.2
Europe,United Kingdom,02/09/2023,3.4,10.0,1.0,0.0
Europe,United Kingdom,03/09/2023,6.7,10.0,1.0,31.5
Europe,United Kingdom,04/09/2023,7.4,8.0,1.0,22.7
Europe,United Kingdom,05/09/2023,9.8,10.0,1.0,98.7
Europe,United Kingdom,06/09/2023,3.6,10.0,1.0,18.1
Europe,United Kingdom,07/09/2023,6.7,10.0,1.0,23.6
Europe,United Kingdom,08/09/2023,5.1,10.0,1.0,0.0
Europe,United Kingdom,09/09/2023,4.3,10.0,1.0,0.0
Europe,United Kingdom,29/08/2023,6.9,10.0,5.0,57.2
Europe,United Kingdom,30/08/2023,9.8,10.0,1.0,50.8
Europe,United Kingdom,31/08/2023,4.7,10.0,1.0,26.8
Europe,Vatican City,01/09/2023,9.8,10.0,1.0,3.8
Europe,Vatican City,02/09/2023,2.5,10.0,1.0,0.0
Europe,Vatican City,03/09/2023,6.9,10.0,1.0,7.6
Europe,Vatican City,04/09/2023,10.1,10.0,1.0,3.1
Europe,Vatican City,05/09/2023,13.0,10.0,1.0,90.8
Europe,Vatican City,06/09/2023,11.6,10.0,1.0,64.4
Europe,Vatican City,07/09/2023,12.3,10.0,1.0,7.0
Europe,Vatican City,08/09/2023,8.5,10.0,1.0,18.2
Europe,Vatican City,09/09/2023,11.0,10.0,1.0,0.7
Europe,Vatican City,29/08/2023,24.2,4.0,5.0,70.8
Europe,Vatican City,30/08/2023,4.7,10.0,1.0,17.5
Europe,Vatican City,31/08/2023,5.6,10.0,1.0,2.0
Indian,Comoros,01/09/2023,4.9,10.0,1.0,36.8
Indian,Comoros,02/09/2023,5.1,10.0,1.0,34.0
Indian,Comoros,03/09/2023,8.5,10.0,1.0,40.4
Indian,Comoros,04/09/2023,6.5,10.0,1.0,41.5
Indian,Comoros,05/09/2023,8.1,10.0,1.0,38.3
Indian,Comoros,06/09/2023,6.3,10.0,1.0,50.1
Indian,Comoros,07/09/2023,5.6,10.0,1.0,66.5
Indian,Comoros,08/09/2023,2.2,10.0,1.0,55.8
Indian,Comoros,09/09/2023,2.0,10.0,1.0,47.2
Indian,Comoros,29/08/2023,31.8,10.0,5.0,67.2
Indian,Comoros,30/08/2023,17.4,10.0,1.0,53.6
Indian,Comoros,31/08/2023,14.1,10.0,1.0,41.5
Indian,Madagascar,01/09/2023,8.85,10.0,1.0,38.95
Indian,Madagascar,02/09/2023,6.5,10.0,1.0,23.8
Indian,Madagascar,03/09/2023,8.15,10.0,1.0,30.95
Indian,Madagascar,04/09/2023,9.95,10.0,1.0,43.45
Indian,Madagascar,05/09/2023,8.3,10.0,1.0,54.75
Indian,Madagascar,06/09/2023,5.25,10.0,1.0,41.3
Indian,Madagascar,07/09/2023,5.0,10.0,1.0,22.7
Indian,Madagascar,08/09/2023,5.8,10.0,1.0,43.8
Indian,Madagascar,09/09/2023,4.0,10.0,1.0,28.45
Indian,Madagascar,29/08/2023,10.2,10.0,5.0,60.8
Indian,Madagascar,30/08/2023,10.25,10.0,1.0,33.5
Indian,Madagascar,31/08/2023,9.85,10.0,1.0,49.0
Indian,Maldives,01/09/2023,26.4,10.0,1.0,39.3
Indian,Maldives,02/09/2023,32.7,10.0,1.0,36.8
Indian,Maldives,03/09/2023,25.9,10.0,1.0,29.3
Indian,Maldives,04/09/2023,14.1,10.0,1.0,31.5
Indian,Maldives,05/09/2023,20.8,10.0,1.0,27.9
Indian,Maldives,06/09/2023,21.9,9.0,1.0,27.5
Indian,Maldives,07/09/2023,19.0,10.0,1.0,29.3
Indian,Maldives,08/09/2023,15.9,10.0,1.0,30.0
Indian,Maldives,09/09/2023,10.3,10.0,1.0,34.7
Indian,Maldives,29/08/2023,49.4,3.0,6.0,39.0
Indian,Maldives,30/08/2023,14.3,10.0,7.0,23.6
Indian,Maldives,31/08/2023,40.9,10.0,1.0,34.7
Indian,Mauritius,01/09/2023,12.5,10.0,1.0,56.5
Indian,Mauritius,02/09/2023,16.8,10.0,1.0,40.1
Indian,Mauritius,03/09/2023,23.9,10.0,1.0,67.2
Indian,Mauritius,04/09/2023,21.3,10.0,1.0,108.7
Indian,Mauritius,05/09/2023,17.2,10.0,1.0,65.1
Indian,Mauritius,06/09/2023,13.0,10.0,1.0,60.8
Indian,Mauritius,07/09/2023,8.5,10.0,1.0,75.8
Indian,Mauritius,08/09/2023,9.6,10.0,1.0,57.9
Indian,Mauritius,09/09/2023,11.2,10.0,1.0,63.7
Indian,Mauritius,29/08/2023,12.3,10.0,7.0,66.5
Indian,Mauritius,30/08/2023,13.2,10.0,6.0,52.2
Indian,Mauritius,31/08/2023,16.3,10.0,1.0,46.5
Indian,Seychelles Islands,01/09/2023,22.4,10.0,1.0,49.4
Indian,Seychelles Islands,02/09/2023,27.7,10.0,1.0,51.5
Indian,Seychelles Islands,03/09/2023,25.5,10.0,1.0,46.5
Indian,Seychelles Islands,04/09/2023,29.1,10.0,1.0,27.5
Indian,Seychelles Islands,05/09/2023,27.5,10.0,1.0,50.1
Indian,Seychelles Islands,06/09/2023,30.6,10.0,1.0,88.7
Indian,Seychelles Islands,07/09/2023,23.7,10.0,1.0,87.3
Indian,Seychelles Islands,08/09/2023,26.4,10.0,1.0,42.2
Indian,Seychelles Islands,09/09/2023,27.7,10.0,1.0,41.8
Indian,Seychelles Islands,29/08/2023,29.8,10.0,6.0,38.3
Indian,Seychelles Islands,30/08/2023,28.2,10.0,6.0,54.4
Indian,Seychelles Islands,31/08/2023,25.9,10.0,1.0,37.2
Pacific,Fiji Islands,01/09/2023,14.1,10.0,5.0,54.4
Pacific,Fiji Islands,02/09/2023,12.3,10.0,7.0,60.1
Pacific,Fiji Islands,03/09/2023,10.1,10.0,7.0,50.8
Pacific,Fiji Islands,04/09/2023,11.0,10.0,7.0,44.7
Pacific,Fiji Islands,05/09/2023,13.4,10.0,6.0,43.6
Pacific,Fiji Islands,06/09/2023,10.7,10.0,5.0,54.4
Pacific,Fiji Islands,07/09/2023,12.8,10.0,5.0,68.7
Pacific,Fiji Islands,08/09/2023,15.9,10.0,5.0,41.1
Pacific,Fiji Islands,09/09/2023,17.7,10.0,5.0,45.8
Pacific,Fiji Islands,29/08/2023,18.8,10.0,1.0,61.5
Pacific,Fiji Islands,30/08/2023,17.0,10.0,6.0,54.4
Pacific,Fiji Islands,31/08/2023,20.1,10.0,5.0,50.1
Pacific,Kiribati,01/09/2023,17.2,10.0,6.0,22.5
Pacific,Kiribati,02/09/2023,18.3,10.0,6.0,20.4
Pacific,Kiribati,03/09/2023,15.2,10.0,6.0,20.0
Pacific,Kiribati,04/09/2023,20.6,10.0,6.0,12.2
Pacific,Kiribati,05/09/2023,23.3,10.0,6.0,15.9
Pacific,Kiribati,06/09/2023,22.4,10.0,7.0,16.1
Pacific,Kiribati,07/09/2023,26.4,10.0,6.0,27.9
Pacific,Kiribati,08/09/2023,19.0,10.0,6.0,20.2
Pacific,Kiribati,09/09/2023,11.9,10.0,7.0,36.5
Pacific,Kiribati,29/08/2023,13.9,10.0,1.0,12.7
Pacific,Kiribati,30/08/2023,8.7,10.0,6.0,13.4
Pacific,Kiribati,31/08/2023,13.0,9.0,6.0,8.6
Pacific,Marshall Islands,01/09/2023,12.1,16.0,6.0,16.8
Pacific,Marshall Islands,02/09/2023,9.2,24.0,6.0,8.6
Pacific,Marshall Islands,03/09/2023,6.0,10.0,6.0,9.9
Pacific,Marshall Islands,04/09/2023,10.5,24.0,7.0,14.0
Pacific,Marshall Islands,05/09/2023,18.3,32.0,6.0,17.2
Pacific,Marshall Islands,06/09/2023,15.4,24.0,6.0,33.6
Pacific,Marshall Islands,07/09/2023,13.9,24.0,6.0,15.9
Pacific,Marshall Islands,08/09/2023,16.1,24.0,6.0,12.3
Pacific,Marshall Islands,09/09/2023,13.9,32.0,7.0,12.9
Pacific,Marshall Islands,29/08/2023,12.1,24.0,1.0,27.9
Pacific,Marshall Islands,30/08/2023,25.1,24.0,6.0,29.7
Pacific,Marshall Islands,31/08/2023,13.4,24.0,6.0,29.3
Pacific,Micronesia,01/09/2023,3.1,24.0,7.0,8.2
Pacific,Micronesia,02/09/2023,13.0,21.0,6.0,4.1
Pacific,Micronesia,03/09/2023,8.9,24.0,6.0,6.8
Pacific,Micronesia,04/09/2023,11.6,24.0,7.0,9.1
Pacific,Micronesia,05/09/2023,7.6,24.0,7.0,14.8
Pacific,Micronesia,06/09/2023,1.1,24.0,6.0,13.4
Pacific,Micronesia,07/09/2023,9.6,24.0,6.0,10.4
Pacific,Micronesia,08/09/2023,8.1,24.0,7.0,12.0
Pacific,Micronesia,09/09/2023,12.3,24.0,6.0,11.0
Pacific,Micronesia,29/08/2023,9.8,23.0,1.0,10.0
Pacific,Micronesia,30/08/2023,23.7,24.0,6.0,9.2
Pacific,Micronesia,31/08/2023,14.1,24.0,6.0,13.2
Pacific,New Zealand,01/09/2023,30.6,10.0,4.0,62.2
Pacific,New Zealand,02/09/2023,7.8,10.0,4.0,57.9
Pacific,New Zealand,03/09/2023,4.0,10.0,4.0,56.5
Pacific,New Zealand,04/09/2023,13.9,10.0,4.0,70.1
Pacific,New Zealand,05/09/2023,2.7,10.0,3.0,46.5
Pacific,New Zealand,06/09/2023,28.2,10.0,3.0,42.9
Pacific,New Zealand,07/09/2023,25.5,10.0,4.0,67.2
Pacific,New Zealand,08/09/2023,2.9,10.0,4.0,61.5
Pacific,New Zealand,09/09/2023,11.4,10.0,4.0,36.1
Pacific,New Zealand,29/08/2023,17.9,10.0,1.0,63.7
Pacific,New Zealand,30/08/2023,26.6,10.0,3.0,60.1
Pacific,New Zealand,31/08/2023,28.2,10.0,4.0,59.4
Pacific,Palau,01/09/2023,17.7,23.0,1.0,28.6
Pacific,Palau,02/09/2023,18.6,21.0,1.0,24.0
Pacific,Palau,03/09/2023,16.6,21.0,1.0,29.3
Pacific,Palau,04/09/2023,7.6,21.0,1.0,7.2
Pacific,Palau,05/09/2023,8.1,16.0,1.0,22.9
Pacific,Palau,06/09/2023,10.5,23.0,1.0,17.9
Pacific,Palau,07/09/2023,4.0,23.0,1.0,15.4
Pacific,Palau,08/09/2023,14.8,23.0,1.0,24.7
Pacific,Palau,09/09/2023,16.6,19.0,1.0,24.3
Pacific,Palau,29/08/2023,16.1,14.0,1.0,27.2
Pacific,Palau,30/08/2023,14.3,21.0,1.0,12.5
Pacific,Palau,31/08/2023,15.7,21.0,1.0,4.7
Pacific,Papua New Guinea,01/09/2023,9.8,10.0,7.0,57.9
Pacific,Papua New Guinea,02/09/2023,14.8,10.0,7.0,65.8
Pacific,Papua New Guinea,03/09/2023,13.4,10.0,7.0,55.8
Pacific,Papua New Guinea,04/09/2023,8.5,10.0,7.0,46.5
Pacific,Papua New Guinea,05/09/2023,10.5,10.0,7.0,35.4
Pacific,Papua New Guinea,06/09/2023,8.9,10.0,7.0,38.3
Pacific,Papua New Guinea,07/09/2023,0.4,10.0,7.0,57.2
Pacific,Papua New Guinea,08/09/2023,2.2,10.0,7.0,45.4
Pacific,Papua New Guinea,09/09/2023,6.7,10.0,7.0,10.4
Pacific,Papua New Guinea,29/08/2023,25.5,10.0,1.0,50.1
Pacific,Papua New Guinea,30/08/2023,15.9,10.0,7.0,69.4
Pacific,Papua New Guinea,31/08/2023,10.5,10.0,6.0,53.6
Pacific,Samoa,01/09/2023,25.9,10.0,7.0,63.7
Pacific,Samoa,02/09/2023,23.0,10.0,7.0,65.8
Pacific,Samoa,03/09/2023,28.4,10.0,6.0,61.5
Pacific,Samoa,04/09/2023,29.1,10.0,6.0,55.1
Pacific,Samoa,05/09/2023,27.1,10.0,7.0,52.9
Pacific,Samoa,06/09/2023,26.8,10.0,7.0,56.5
Pacific,Samoa,07/09/2023,19.0,10.0,6.0,45.1
Pacific,Samoa,08/09/2023,20.1,10.0,6.0,50.8
Pacific,Samoa,09/09/2023,13.0,10.0,6.0,41.5
Pacific,Samoa,29/08/2023,32.4,10.0,1.0,62.2
Pacific,Samoa,30/08/2023,32.7,10.0,6.0,52.9
Pacific,Samoa,31/08/2023,24.8,10.0,7.0,55.1
Pacific,Solomon Islands,01/09/2023,4.5,9.0,6.0,44.7
Pacific,Solomon Islands,02/09/2023,7.8,10.0,7.0,26.8
Pacific,Solomon Islands,03/09/2023,10.7,10.0,7.0,14.3
Pacific,Solomon Islands,04/09/2023,10.1,10.0,7.0,22.4
Pacific,Solomon Islands,05/09/2023,11.6,10.0,7.0,32.5
Pacific,Solomon Islands,06/09/2023,15.0,10.0,7.0,31.8
Pacific,Solomon Islands,07/09/2023,16.8,10.0,7.0,25.0
Pacific,Solomon Islands,08/09/2023,18.3,9.0,6.0,44.0
Pacific,Solomon Islands,09/09/2023,10.7,9.0,6.0,32.9
Pacific,Solomon Islands,29/08/2023,5.6,10.0,1.0,41.8
Pacific,Solomon Islands,30/08/2023,3.8,10.0,6.0,36.1
Pacific,Solomon Islands,31/08/2023,4.5,10.0,6.0,34.0
Pacific,Tonga,01/09/2023,25.3,10.0,5.0,65.1
Pacific,Tonga,02/09/2023,21.3,10.0,6.0,65.8
Pacific,Tonga,03/09/2023,16.1,10.0,6.0,60.8
Pacific,Tonga,04/09/2023,6.5,10.0,6.0,49.4
Pacific,Tonga,05/09/2023,15.0,10.0,6.0,47.2
Pacific,Tonga,06/09/2023,20.6,10.0,6.0,60.1
Pacific,Tonga,07/09/2023,23.0,10.0,6.0,53.6
Pacific,Tonga,08/09/2023,36.7,10.0,5.0,47.2
Pacific,Tonga,09/09/2023,36.0,10.0,5.0,62.2
Pacific,Tonga,29/08/2023,27.1,10.0,1.0,75.8
Pacific,Tonga,30/08/2023,27.1,10.0,5.0,74.4
Pacific,Tonga,31/08/2023,27.1,10.0,5.0,67.2
Pacific,Tuvalu,01/09/2023,18.6,10.0,1.0,15.7
Pacific,Tuvalu,03/09/2023,28.4,10.0,6.0,39.7
Pacific,Tuvalu,04/09/2023,25.1,10.0,6.0,46.5
Pacific,Tuvalu,05/09/2023,32.2,10.0,6.0,44.0
Pacific,Tuvalu,06/09/2023,39.6,10.0,6.0,44.0
Pacific,Tuvalu,07/09/2023,37.1,10.0,6.0,40.1
Pacific,Tuvalu,08/09/2023,19.5,10.0,6.0,18.8
Pacific,Tuvalu,09/09/2023,34.4,10.0,6.0,30.0
Pacific,Tuvalu,29/08/2023,21.7,10.0,1.0,29.0
Pacific,Tuvalu,30/08/2023,18.6,10.0,6.0,11.0
Pacific,Tuvalu,31/08/2023,17.0,10.0,6.0,24.7
Pacific,Vanuatu,01/09/2023,18.3,10.0,5.0,41.8
Pacific,Vanuatu,02/09/2023,13.9,10.0,6.0,43.3
Pacific,Vanuatu,03/09/2023,22.4,10.0,5.0,68.0
Pacific,Vanuatu,04/09/2023,26.2,10.0,6.0,40.8
Pacific,Vanuatu,05/09/2023,28.6,10.0,5.0,34.0
Pacific,Vanuatu,06/09/2023,32.0,10.0,5.0,46.5
Pacific,Vanuatu,07/09/2023,32.4,10.0,5.0,65.1
Pacific,Vanuatu,08/09/2023,25.9,10.0,6.0,73.7
Pacific,Vanuatu,09/09/2023,25.9,10.0,5.0,54.4
Pacific,Vanuatu,29/08/2023,39.8,10.0,1.0,62.9
Pacific,Vanuatu,30/08/2023,37.4,1.0,5.0,62.9
Pacific,Vanuatu,31/08/2023,20.6,10.0,6.0,55.1
